Price,Area,Address,Beds,Bath,Pic

68 Lakh,5 Marla,1 & half story house main barki road for sale,3,2,https://media.zameen.com/thumbnails/162403265-400x300.jpeg

1 Crore,5 Marla,5 MARLA GRAY STACTUER AVALIBEL FOR SALE IN BAHRIA ORCHARD E BLOCK,3,5,https://media.zameen.com/thumbnails/164175862-400x300.jpeg

93 Lakh,5 Marla,5 Marla Corner Brand New Double Storey House For Sale In Bedian Road Main Society Road,3,4,https://media.zameen.com/thumbnails/164394129-400x300.jpeg

95 Lakh,5 Marla,5 Marla Brand New House For Sale,4,5,https://media.zameen.com/thumbnails/161566631-400x300.jpeg

98 Lakh,5 Marla,5 Marla Grey Structure House For Sale In Tulip Block Park View City Lahore.,5,6,https://media.zameen.com/thumbnails/161337202-400x300.jpeg

1 Crore,5 Marla,5 Marla Grey Structure House For Sale in Platinum Block Park View City Lahore.,5,6,https://media.zameen.com/thumbnails/164758942-400x300.jpeg

98 Lakh,5 Marla,House For Sale,6,4,https://media.zameen.com/thumbnails/164975762-400x300.jpeg

50 Lakh,5 Marla,5 Marla Single Storey House Available For Sale In Elite Town Feroz Pur Road,2,2,https://media.zameen.com/thumbnails/164409543-400x300.jpeg

1 Crore,5 Marla,5 Marla Double Storey House Is Available For Sale In Nadirabad Cantt Lahore,5,5,https://media.zameen.com/thumbnails/164172332-400x300.jpeg

75 Lakh,6 Marla,6 Marla 32 Square Feet House Manawan Beautiful Location One Call Please,3,2,https://media.zameen.com/thumbnails/163681872-400x300.jpeg

69.9 Lakh,5 Marla,5 Marla Double Storey Houses For Sale In Bahria Orchard Phase 1,3,3,https://media.zameen.com/thumbnails/164480843-400x300.jpeg

75 Lakh,1 Kanal,Special Discount 1 Kanal Farm House For Sale In Bedian Road On Cash & Installments,1,No info given,https://media.zameen.com/thumbnails/164853936-400x300.jpeg

89 Lakh,5 Marla,5 Marla Single Storey House For Sale In F Block Al Rehman Garden Phase 2.,3,3,https://media.zameen.com/thumbnails/162224645-400x300.jpeg

50 Lakh,5 Marla,5 Marla House For sale In Lahore Motorway City Lahore Motorway City,2,2,https://media.zameen.com/thumbnails/164931520-400x300.jpeg

90 Lakh,7 Marla,Ideal House Is Available For sale In Lahore Motorway City,3,3,https://media.zameen.com/thumbnails/164928656-400x300.jpeg

95 Lakh,5 Marla,Gorgeous 5 Marla House For sale Available In Lahore Motorway City,4,4,https://media.zameen.com/thumbnails/164929070-400x300.jpeg

50 Lakh,5 Marla,House Is Available For sale In Lahore Motorway City,2,2,https://media.zameen.com/thumbnails/164931545-400x300.jpeg

50 Lakh,5 Marla,Lahore Motorway City 5 Marla Single Storey House,2,2,https://media.zameen.com/thumbnails/164994578-400x300.jpeg

92 Lakh,5 Marla,5 Marla Attractive Location House Available For Sale In Bedian Road Sj Garden Lahore,4,5,https://media.zameen.com/thumbnails/164815325-400x300.jpeg

95 Lakh,5 Marla,5 MARLA SPANISH DOUBLE STOREY HOUSE FOR SALE IN BEDIAN ROAD SJ GARDEN,4,5,https://media.zameen.com/thumbnails/164112897-400x300.jpeg

95 Lakh,5 Marla,5 MARLA SPANISH DOUBLE STOREY HOUSE FOR SALE IN BEDIAN ROAD SJ GARDEN,4,5,https://media.zameen.com/thumbnails/164112934-400x300.jpeg

55 Lakh,5 Marla,5 Marla Brand New Single Storey House For Sale On Cash In Bedian Road Lahore,3,3,https://media.zameen.com/thumbnails/164294196-400x300.jpeg

90 Lakh,5 Marla,5 Marla Beautiful House For Sale In Bedian Road Sj Garden Housing Society,4,5,https://media.zameen.com/thumbnails/164333846-400x300.jpeg

55 Lakh,5 Marla,5 Marla Single Storey House For Sale In Sj Garden Bedian Road Lahore,3,3,https://media.zameen.com/thumbnails/164635324-400x300.jpeg

95 Lakh,5 Marla,5 Marla Brand New Double Storey House For Sale In Bedian Road Main Society Road,4,5,https://media.zameen.com/thumbnails/164103787-400x300.jpeg

68.5 Lakh,5 Marla,5 Marla Most Beautiful Prime Location Home With Possession For Sale In Block P,2,1,https://media.zameen.com/thumbnails/161354870-400x300.jpeg

75 Lakh,5 Marla,5 Marla Triple Storey For Sale,6,4,https://media.zameen.com/thumbnails/162753383-400x300.jpeg

56.49 Lakh,5 Marla,Flat For Sale In Icon Valley Phase 1,2,2,https://media.zameen.com/thumbnails/161592299-400x300.jpeg

80 Lakh,5 Marla,5 Marla House For Sale In Al Karam City Manga Mandi Lahore,3,3,https://images.zameen.com/smap/400/300/31.300536/74.070125/image.jpeg?quality=80&imageformat=jpeg

98 Lakh,5 Marla,5 Marla House For Sale,4,6,https://media.zameen.com/thumbnails/163618253-400x300.jpeg

69.9 Lakh,5 Marla,5 Marla Double Storey Houses For Sale In Bahria Orchard Phase 1,3,3,https://media.zameen.com/thumbnails/146625532-400x300.jpeg

59.9 Lakh,5 Marla,5 Marla House For Sale In G6 Block Bahria Orchard Lahore,2,2,https://media.zameen.com/thumbnails/164480810-400x300.jpeg

72.9 Lakh,5 Marla,5 Marla Double Storey Overseas Villa For Sale In Bahria Orchard Phase 2,3,3,https://media.zameen.com/thumbnails/148042513-400x300.jpeg

95 Lakh,5 Marla,5 Marla Luxury Design Modern House For Booking On Cash Or 1 Year Installment,4,5,https://media.zameen.com/thumbnails/157034738-400x300.jpeg

77.9 Lakh,5 Marla,5 Marla 4 Beds Villa For Sale In Olc 2 Block B Bahria Orchard Lahore,4,4,https://media.zameen.com/thumbnails/144589583-400x300.jpeg

69.9 Lakh,5 Marla,5 Marla Double Storey Houses For Sale In Bahria Orchard Phase 1,3,3,https://media.zameen.com/thumbnails/148493762-400x300.jpeg

59 Lakh,5 Marla,New Deal Of 5 Marla Double Storey House On Installments In Bahria Orchard Phase 4,3,3,https://media.zameen.com/thumbnails/144448823-400x300.jpeg

50 Lakh,5 Marla,House Of 5 Marla Is Available For sale,2,2,https://media.zameen.com/thumbnails/164931555-400x300.jpeg

50 Lakh,5 Marla,Ideal House For sale In Lahore Motorway City,2,2,https://media.zameen.com/thumbnails/164931540-400x300.jpeg

90 Lakh,7 Marla,Reserve A House Of 7 Marla Now In Lahore Motorway City,3,3,https://media.zameen.com/thumbnails/164931530-400x300.jpeg

90 Lakh,7 Marla,This Is Your Chance To Buy House In Lahore Motorway City,3,3,https://media.zameen.com/thumbnails/164931515-400x300.jpeg

90 Lakh,7 Marla,A Palatial Residence For sale In Lahore Motorway City Lahore Motorway City,3,3,https://media.zameen.com/thumbnails/164931510-400x300.jpeg

1 Crore,5 Marla,"5 Marla Grey Structure House For Sale In E-block, Phase-2, Bahria Orchard",3,3,https://media.zameen.com/thumbnails/165006249-400x300.jpeg

77 Lakh,7 Marla,7 Marla Double Storey House Available In Lahore Motorway City,4,5,https://media.zameen.com/thumbnails/164679658-400x300.jpeg

95 Lakh,5 Marla,5 Marla Beautiful House For Sale In Bedian Road Sj Garden Housing Society,3,4,https://media.zameen.com/thumbnails/164986511-400x300.jpeg

50 Lakh,5 Marla,Ideal House For sale In Lahore Motorway City,2,2,https://media.zameen.com/thumbnails/164931560-400x300.jpeg

50 Lakh,5 Marla,House Of 5 Marla Available In Lahore Motorway City,2,2,https://media.zameen.com/thumbnails/164931565-400x300.jpeg

66 Lakh,5 Marla,5 Marla Double Storey House In Lahore Motorway City,3,3,https://media.zameen.com/thumbnails/164459298-400x300.jpeg

95 Lakh,5 Marla,Brand New 5 Marla Modern House For Sale In Sj Garden Bedian Road Lahore,3,4,https://media.zameen.com/thumbnails/164968370-400x300.jpeg

95 Lakh,5 Marla,5 Marla Spanish Double Storey House For Sale In Bedian Road Sj Garden,3,4,https://media.zameen.com/thumbnails/164968311-400x300.jpeg

79 Lakh,5 Marla,"5 Marla House For Sale On Installment Emerald City Prime Location Emerald City, Lahore, Punjab",2,2,https://media.zameen.com/thumbnails/162317430-400x300.jpeg

59.9 Lakh,5 Marla,5 Marla House For Sale In G6 Block Bahria Orchard Lahore,2,3,https://media.zameen.com/thumbnails/148214756-400x300.jpeg

95 Lakh,5 Marla,5 Marla Luxury Design Modern House For Booking On Cash Or 1 Year Installment,4,5,https://media.zameen.com/thumbnails/157056972-400x300.jpeg

85 Lakh,5 Marla,5 Marla Grey Structured House Available For Sale At Park View City Lahore.,3,4,https://media.zameen.com/thumbnails/163052672-400x300.jpeg

79 Lakh,5 Marla,"5 Marla Single Storey House For Sale In Emerald City On Installment Emerald City Lahore Punjab Emerald City, Lahore, Punjab",2,2,https://media.zameen.com/thumbnails/162317528-400x300.jpeg

59.9 Lakh,5 Marla,5 Marla House For Sale In G6 Block Bahria Orchard Lahore,No info given,No info given,https://media.zameen.com/thumbnails/163949532-400x300.jpeg

59.9 Lakh,5 Marla,5 Marla House For Sale In G6 Block Bahria Orchard Lahore,2,3,https://media.zameen.com/thumbnails/146262470-400x300.jpeg

90 Lakh,5 Marla,5 Marla Grey Structured House Available For Sale At Park View City Lahore.,3,4,https://media.zameen.com/thumbnails/163052724-400x300.jpeg

71 Lakh,5 Marla,Central Awami Villa 5 Marla Slight Storey For Sale In Phase 1bahria Orchard,2,1,https://media.zameen.com/thumbnails/163062887-400x300.jpeg

69.9 Lakh,5 Marla,5 Marla Double Storey Houses For Sale In Bahria Orchard Phase 1,3,3,https://media.zameen.com/thumbnails/146312342-400x300.jpeg

59.9 Lakh,5 Marla,New Deal Of 5 Marla Double Storey House On Installments In Bahria Orchard Phase 4,3,4,https://media.zameen.com/thumbnails/138458000-400x300.jpeg

72.9 Lakh,5 Marla,5 Marla Double Storey Overseas Villa For Sale In Bahria Orchard Phase 2,3,3,https://media.zameen.com/thumbnails/146928206-400x300.jpeg

90 Lakh,7 Marla,"7 Marla House available for sale in Lahore Motorway City, Lahore Motorway City",3,3,https://media.zameen.com/thumbnails/164928661-400x300.jpeg

90 Lakh,7 Marla,7 Marla House For sale In Lahore Motorway City,3,3,https://media.zameen.com/thumbnails/164928666-400x300.jpeg

90 Lakh,7 Marla,7 Marla House In Central Lahore Motorway City For sale,3,3,https://media.zameen.com/thumbnails/164928682-400x300.jpeg

90 Lakh,7 Marla,Get Your Hands On House In Lahore Motorway City Best Area,3,3,https://media.zameen.com/thumbnails/164928688-400x300.jpeg

95 Lakh,5 Marla,Reserve A House Now In Lahore Motorway City,4,4,https://media.zameen.com/thumbnails/164928799-400x300.jpeg

95 Lakh,5 Marla,Brand New 5 Marla Brand New Modern House For Sale In Bedian Road Lahore,4,4,https://media.zameen.com/thumbnails/164636101-400x300.jpeg

55 Lakh,5 Marla,Brand New 5 Marla Single Storey House For Sale In Sj Garden Bedian Road Lahore,3,3,https://media.zameen.com/thumbnails/164659617-400x300.jpeg

95 Lakh,5 Marla,5 Marla Beautiful House For Sale In Bedian Road Sj Garden Housing Society,3,4,https://media.zameen.com/thumbnails/164961970-400x300.jpeg

92 Lakh,5 Marla,5 Marla Attractive Location House Available For Sale In Bedian Road Sj Garden Lahore,4,5,https://media.zameen.com/thumbnails/164959438-400x300.jpeg

95 Lakh,5 Marla,Newly Build 5 Marla House Available For Sale On Bedian Road,3,4,https://media.zameen.com/thumbnails/164955513-400x300.jpeg

85 Lakh,5 Marla,A Stunning House Is Up For Grabs In Gulshan Ali Colony Lahore,3,No info given,https://media.zameen.com/thumbnails/161956970-400x300.jpeg

75 Lakh,6 Marla,Book A House Of 6 Marla In Bhatta Chowk Bhatta Chowk,5,No info given,https://media.zameen.com/thumbnails/161956826-400x300.jpeg

88 Lakh,5 Marla,House For Grabs In 5 Marla Hajvery Housing Scheme,No info given,No info given,https://media.zameen.com/thumbnails/164925708-400x300.jpeg

72.9 Lakh,5 Marla,5 Marla Double Storey Overseas Villa For Sale In Bahria Orchard Phase 2,3,3,https://media.zameen.com/thumbnails/146660960-400x300.jpeg

69.9 Lakh,5 Marla,5 Marla Double Storey Houses For Sale In Bahria Orchard Phase 1,3,4,https://media.zameen.com/thumbnails/148209971-400x300.jpeg

59.9 Lakh,5 Marla,5 Marla House For Sale In G6 Block Bahria Orchard Lahore,2,3,https://media.zameen.com/thumbnails/158540741-400x300.jpeg

53 Lakh,5 Marla,5 Marla West Marina 1st Floor Cottages Apartment For Sale On Easy Installment,2,2,https://media.zameen.com/thumbnails/148916898-400x300.jpeg

59 Lakh,5 Marla,5 Marla Villa In West Marina Ground Floor Cottages For Sale On Easy Installment,2,2,https://media.zameen.com/thumbnails/148916925-400x300.jpeg

69.9 Lakh,5 Marla,House For Sale Situated In Bahria Orchard,3,3,https://media.zameen.com/thumbnails/99806863-400x300.jpeg

59.9 Lakh,5 Marla,5 Marla House For Sale In G6 Block Bahria Orchard Lahore,2,2,https://media.zameen.com/thumbnails/149148390-400x300.jpeg

95 Lakh,5 Marla,5 Marla Corner House For Sale,3,3,https://media.zameen.com/thumbnails/161566596-400x300.jpeg

92 Lakh,5 Marla,Sj Gardens Offers 5 Marla House With 1 Year Installment Plan,4,5,https://media.zameen.com/thumbnails/153006744-400x300.jpeg

69.9 Lakh,5 Marla,5 Marla Double Storey Houses For Sale In Bahria Orchard Phase 1,3,3,https://media.zameen.com/thumbnails/147254855-400x300.jpeg

95 Lakh,5 Marla,5 Marla Corner Brand New House For Sale,3,4,https://media.zameen.com/thumbnails/161566822-400x300.jpeg

59.9 Lakh,5 Marla,5 Marla Double Storey House For Sale On Installments In Bahria Orchard Phase 4,3,3,https://media.zameen.com/thumbnails/165061334-400x300.jpeg

50 Lakh,5 Marla,Buy A 5 Marla House For sale In Lahore Motorway City,2,2,https://media.zameen.com/thumbnails/164931575-400x300.jpeg

50 Lakh,5 Marla,Buy A Centrally Located 5 Marla House In Lahore Motorway City,2,2,https://media.zameen.com/thumbnails/164931570-400x300.jpeg

50 Lakh,5 Marla,A House Of 5 Marla In Lahore Motorway City,2,2,https://media.zameen.com/thumbnails/164931550-400x300.jpeg

50 Lakh,5 Marla,Centrally Located House In Lahore Motorway City Is Available For sale,2,2,https://media.zameen.com/thumbnails/164931525-400x300.jpeg

90 Lakh,7 Marla,Reserve A House Of 7 Marla Now In Lahore Motorway City,3,3,https://media.zameen.com/thumbnails/164931535-400x300.jpeg

65 Lakh,5 Marla,5 Marla Grey Structure House For Sale In Pak Arab Housing Society,3,4,https://media.zameen.com/thumbnails/146980719-400x300.jpeg

95 Lakh,5 Marla,5 Marla Brand New Double Storey House For Sale In Bedian Road Main Society Road,4,5,https://media.zameen.com/thumbnails/164294219-400x300.jpeg

98 Lakh,5 Marla,House For Sale,6,4,https://media.zameen.com/thumbnails/164888300-400x300.jpeg

95 Lakh,5 Marla,5 Marla Double Storey House On 80 Feet Road Very Near Pine Avenue Super Hot Location Semi Commercial Property,3,2,https://media.zameen.com/thumbnails/162003252-400x300.jpeg

79 Lakh,5 Marla,"5 Marla Single Storey For Sale On Installment Emerald City Housing Scheme, Lahore, Punjab",2,2,https://media.zameen.com/thumbnails/164937529-400x300.jpeg

79 Lakh,5 Marla,"5 Marla Single Storey For Sale On Installment Emerald City Housing Scheme, Lahore, Punjab",2,2,https://media.zameen.com/thumbnails/164944175-400x300.jpeg

65 Lakh,6 Marla,6 Marla House In Bahria Nasheman - Sunflower For Sale At Good Location,2,2,https://media.zameen.com/thumbnails/164929965-400x300.jpeg

68 Lakh,6 Marla,Buy Your Ideal 6 Marla House In A Prime Location Of Lahore,2,2,https://media.zameen.com/thumbnails/164929978-400x300.jpeg

69.9 Lakh,5 Marla,5 Marla Double Storey Houses For Sale In Bahria Orchard Phase 1,3,3,https://media.zameen.com/thumbnails/149148409-400x300.jpeg

55 Lakh,5 Marla,5 Marla Orchard Home Available For Sale In Bahria Orchard Lahore,2,2,https://media.zameen.com/thumbnails/162866776-400x300.jpeg

85 Lakh,7 Marla,House For sale Situated In Lahore Motorway City - Block R,4,4,https://media.zameen.com/thumbnails/162000775-400x300.jpeg

75 Lakh,5 Marla,5 Marla House For Sale Best For Rental Income Electricity Water Gas Supply Everything Available,4,4,https://media.zameen.com/thumbnails/162349019-400x300.jpeg

99 Lakh,5 Marla,5 Marla Brand New House For Sale Instalment in Emerald city,No info given,No info given,https://media.zameen.com/thumbnails/162317379-400x300.jpeg

51 Lakh,5 Marla,Awami Villa First Floor For Sale In Bahria Orchard Lahore,2,1,https://media.zameen.com/thumbnails/162998089-400x300.jpeg

57.5 Lakh,5 Marla,Elite Town 5 Marla Brand New Bungalow For Sale,3,4,https://media.zameen.com/thumbnails/164414656-400x300.jpeg

69 Lakh,5.3 Marla,Flat Almost Brand New 2 Bed Marble Flooring,2,3,https://media.zameen.com/thumbnails/151860897-400x300.jpeg

98 Lakh,5 Marla,1125 Square Feet House Available For Sale In Gulshan Ali Colony,6,4,https://media.zameen.com/thumbnails/163486625-400x300.jpeg

1 Crore,5 Marla,Zameen Quadrangle- Gymkhana View Zameen Developments,No info given,No info given,https://media.zameen.com/thumbnails/162182498-400x300.jpeg

67 Lakh,5 Marla,5 Marla House Readily Possession In Al Qayyum Garden,4,5,https://media.zameen.com/thumbnails/164490693-400x300.jpeg

65 Lakh,10 Marla,10 Marla House For Sale In Lahore,3,2,https://media.zameen.com/thumbnails/161212573-400x300.jpeg

55 Lakh,5 Marla,sale A House In Elite Town Prime Location,3,3,https://media.zameen.com/thumbnails/161212515-400x300.jpeg

55 Lakh,10 Marla,Well-constructed Grey Structure House Available For sale In Elite Town,3,3,https://media.zameen.com/thumbnails/161212549-400x300.jpeg

50 Lakh,5 Marla,Prime Location 5 Marla House Is Available In Affordable Price In Elite Town,3,3,https://media.zameen.com/thumbnails/161212124-400x300.jpeg

1 Crore,5 Marla,Kahna 5 Marla House Up For sale,3,3,https://media.zameen.com/thumbnails/161212508-400x300.jpeg

87 Lakh,5 Marla,5 Marla House For Sale,4,6,https://media.zameen.com/thumbnails/156694247-400x300.jpeg

66 Lakh,6 Marla,House Available For Sale In Bahria Nasheman - Sunflower,2,2,https://media.zameen.com/thumbnails/164929971-400x300.jpeg

67 Lakh,6 Marla,6 Marla House For Sale In Beautiful Bahria Nasheman - Sunflower,2,2,https://media.zameen.com/thumbnails/164929984-400x300.jpeg

70 Lakh,6 Marla,6 Marla House In Central Bahria Nasheman - Sunflower For Sale,2,2,https://media.zameen.com/thumbnails/164929990-400x300.jpeg

95 Lakh,5 Marla,5 MARLA SINGLE STOREY HOUSE AT HOT LOCATION,2,3,https://media.zameen.com/thumbnails/164813493-400x300.jpeg

79 Lakh,5 Marla,5 Marla Single Storey House For Sale In Emerald City On Installment Emerald City Lahore Punjab Emerald City Lahore Punjab,2,2,https://media.zameen.com/thumbnails/162317488-400x300.jpeg

79 Lakh,5 Marla,5 Marla Single Storey House For Sale In Emerald City On Installment Emerald City Lahore Punjab Emerald City Lahore Punjab,2,2,https://media.zameen.com/thumbnails/162886251-400x300.jpeg

60 Lakh,6 Marla,Ready To Buy A House 6 Marla In Bahria Nasheman,2,3,https://media.zameen.com/thumbnails/164935812-400x300.jpeg

62 Lakh,6 Marla,6 Marla House For sale In Beautiful Bahria Nasheman,2,3,https://media.zameen.com/thumbnails/164935800-400x300.jpeg

70 Lakh,5 Marla,5 Marla Beautiful House for Sale in F Block Elite Town Lahore.,4,5,https://media.zameen.com/thumbnails/161212324-400x300.jpeg

70 Lakh,5 Marla,Prime Location 5 Marla House In Elite Town Is Available For sale,3,3,https://media.zameen.com/thumbnails/161212197-400x300.jpeg

82 Lakh,5.3 Marla,BEST THING FOR INVESTOR TO INVESTMENT RENTAL INCOME CAN RISE 80k TO 1 LAC,2,2,https://media.zameen.com/thumbnails/164265441-400x300.jpeg

53 Lakh,5 Marla,2 Bedroom Flat For Sale,2,1,https://media.zameen.com/thumbnails/162481749-400x300.jpeg

85 Lakh,5 Marla,5 Marla House Situated In Elite Town - Block B For sale,3,3,https://media.zameen.com/thumbnails/155847397-400x300.jpeg

72 Lakh,5 Marla,TWO BED APARTMENT FOR SALE IN ICON VALLEY PHASE 1 LAHORE,2,2,https://media.zameen.com/thumbnails/163954919-400x300.jpeg

75 Lakh,5 Marla,5 Marla House Just Little Need Work In House,3,3,https://media.zameen.com/thumbnails/163846254-400x300.jpeg

80 Lakh,1 Kanal,1 Kanal Farm House For Sale in Bedian Road Hair Village,No info given,1,https://media.zameen.com/thumbnails/162452699-400x300.jpeg

61 Lakh,5 Marla,5 Marla Double Storey House In Exotic Location Eden Gardens Lahore,3,2,https://media.zameen.com/thumbnails/161857107-400x300.jpeg

50 Lakh,5 Marla,"2 Bed Apartment On 1.5 Years Instalments For Sale In Orchard Homes, Bahria Orchard Phase 4",2,2,https://media.zameen.com/thumbnails/162947117-400x300.jpeg

98 Lakh,5 Marla,5 Marla House For sale Is Available In Grand Avenue Housing Scheme - Block B,3,3,https://media.zameen.com/thumbnails/161872511-400x300.jpeg

98 Lakh,5 Marla,Hause for sale,6,4,https://media.zameen.com/thumbnails/163487099-400x300.jpeg

65 Lakh,5 Marla,A Good Option For Sale Is The House Available In Khayaban-e-amin In Lahore,2,1,https://media.zameen.com/thumbnails/139133811-400x300.jpeg

97 Lakh,5 Marla,Buy A Centrally Located 5 Marla House In Khayaban-e-Amin - Block G,3,2,https://media.zameen.com/thumbnails/156831133-400x300.jpeg

95 Lakh,5 Marla,House Sized 5 Marla Is Available For sale In Khayaban-e-Amin - Block N,3,2,https://media.zameen.com/thumbnails/156486750-400x300.jpeg

1 Crore,5 Marla,5 Marla Brand New Triple Storey Solid Construction House With All Utilities At 100 Lac Demand,4,5,https://media.zameen.com/thumbnails/152810023-400x300.jpeg

82 Lakh,5 Marla,5 Marla Single Storey House,2,2,https://media.zameen.com/thumbnails/161791101-400x300.jpeg

1 Crore,5 Marla,5 Marla House For Sale In Park View City In Lahore,4,4,https://media.zameen.com/thumbnails/164734916-400x300.jpeg

77 Lakh,5 Marla,5 Marla House For Sale,5,5,https://media.zameen.com/thumbnails/164251869-400x300.jpeg

95 Lakh,5 Marla,Want To Buy A Prime Location House In Lahore?,3,4,https://media.zameen.com/thumbnails/153659909-400x300.jpeg

1 Crore,5 Marla,House Of 5 Marla For Sale In Lahore Motorway City - Block P,4,4,https://media.zameen.com/thumbnails/153462928-400x300.jpeg

67 Lakh,5 Marla,House In Lahore Motorway City - Block S Homes For Sale,2,2,https://media.zameen.com/thumbnails/153462963-400x300.jpeg

59.9 Lakh,5 Marla,5 Marla Villa For Sale On Easy Installment Plan Bahria Orchard Phase 4 Lahore,3,3,https://media.zameen.com/thumbnails/164644717-400x300.jpeg

98 Lakh,5 Marla,This Is Your Chance To Buy House In Al-Hamd Park,4,3,https://media.zameen.com/thumbnails/157208673-400x300.jpeg

65 Lakh,5 Marla,Brand New House In P Block,2,1,https://media.zameen.com/thumbnails/164616744-400x300.jpeg

87.5 Lakh,5 Marla,5 marla fresh house for sale in Lahore garden housing scheme,4,6,https://media.zameen.com/thumbnails/160839448-400x300.jpeg

98 Lakh,5 Marla,5 Marla House Up For Sale In Khayaban-e-Amin,3,2,https://media.zameen.com/thumbnails/139345634-400x300.jpeg

85 Lakh,5 Marla,Lda Avenue - Block F House Sized 1125 Square Feet,3,1,https://media.zameen.com/thumbnails/161939845-400x300.jpeg

1 Crore,5 Marla,Reserve A Centrally Located House In Grand Avenues Housing Scheme,3,3,https://media.zameen.com/thumbnails/165096255-400x300.jpeg

65 Lakh,5 Marla,House Facing Park Near Bahria Orchard Phase 3,3,3,https://media.zameen.com/thumbnails/162761352-400x300.jpeg

77 Lakh,5 Marla,Get In Touch Now To Buy A House In Lahore,5,5,https://media.zameen.com/thumbnails/156877072-400x300.jpeg

85 Lakh,5 Marla,5 Marla Grey Structure House For Sale,3,2,https://media.zameen.com/thumbnails/161954963-400x300.jpeg

65 Lakh,5 Marla,5 Marla Single Storey House For Sale Al Raziq Block B,2,3,https://media.zameen.com/thumbnails/160219471-400x300.jpeg

95 Lakh,5 Marla,5 Marla Brand New House For Sale In Investor Rate,4,6,https://media.zameen.com/thumbnails/162683180-400x300.jpeg

1 Crore,5 Marla,Mohsini Properties offer 5 Marla brand new house for sale on 2 year easy installment plan in safari garden scheme LHR,3,3,https://media.zameen.com/thumbnails/164326049-400x300.jpeg

65 Lakh,5 Marla,5 Marla Single Storey House For Sale P Block Khayaban E Amin,2,1,https://media.zameen.com/thumbnails/160063314-400x300.jpeg

61 Lakh,5 Marla,5 Marla House For Urgent Sale In Eden Gardens,3,2,https://media.zameen.com/thumbnails/161858208-400x300.jpeg

85 Lakh,5 Marla,5 Marla Single Storey House In Main Walton Road,3,2,https://media.zameen.com/thumbnails/162819491-400x300.jpeg

85 Lakh,5 Marla,5 Marla House For Sale,3,4,https://media.zameen.com/thumbnails/161802680-400x300.jpeg

1 Crore,5 Marla,5 marla double unit house for sale in Bahria Town Lahore near park Mosque school,3,5,https://media.zameen.com/thumbnails/161056543-400x300.jpeg

1 Crore,5 Marla,5 Marla house for sale in Shadab colony,4,5,https://media.zameen.com/thumbnails/161791470-400x300.jpeg

60 Lakh,5 Marla,5 Marla 2nd Floor Apartment with Gas Meter Installed For Sale in Icon Valley Phase 1,2,2,https://media.zameen.com/thumbnails/162339835-400x300.jpeg

1 Crore,5 Marla,5 Marla Double Storey House For Sale,3,2,https://media.zameen.com/thumbnails/159914987-400x300.jpeg

79 Lakh,5 Marla,5 Marla Single Storey House For Sale In Emerald City On Installment Emerald City Lahore Punjab,2,2,https://media.zameen.com/thumbnails/163673210-400x300.jpeg

95 Lakh,5 Marla,Luxury Apartments - On Raiwind Road Near Ring Road Interchange,2,2,https://media.zameen.com/thumbnails/155979715-400x300.jpeg

92 Lakh,5 Marla,5 Marla Attractive Location House Available For Sale In Bedian Road Sj Garden Lahore,4,5,https://media.zameen.com/thumbnails/164434406-400x300.jpeg

95 Lakh,5 Marla,Newly Build 5 Marla House Available For Sale On Bedian Road,3,4,https://media.zameen.com/thumbnails/164415880-400x300.jpeg

88 Lakh,5 Marla,5 Marla House For Sale New Lahore City,3,3,https://media.zameen.com/thumbnails/161701785-400x300.jpeg

88 Lakh,5 Marla,5 Marla House For Sale Brand New,3,4,https://media.zameen.com/thumbnails/161701582-400x300.jpeg

62.5 Lakh,5 Marla,Double Storey House For Sale In Eden Garden,3,2,https://media.zameen.com/thumbnails/164334195-400x300.jpeg

72.4 Lakh,5 Marla,5 Marla Townhouse Is Available For Sale In Central Park,2,2,https://media.zameen.com/thumbnails/164819433-400x300.jpeg

63 Lakh,5 Marla,Ideal House Just Became Available For Sale In Khayaban-e-amin - Block P,2,1,https://media.zameen.com/thumbnails/139132603-400x300.jpeg

1 Crore,5 Marla,5 Marla House Available For Sale,4,4,https://media.zameen.com/thumbnails/162227335-400x300.jpeg

70 Lakh,5 Marla,5 Marla Double Storey Grey Structure House For Sale In Pak Arab Housing Scheme Lahore,3,4,https://media.zameen.com/thumbnails/163441692-400x300.jpeg

61 Lakh,5 Marla,House Sized 5 Marla Is Available For Sale In Eden,3,2,https://media.zameen.com/thumbnails/161857646-400x300.jpeg

75.33 Lakh,7 Marla,Apartment For Sale In Icon Valley Phase 1,3,3,https://media.zameen.com/thumbnails/161592051-400x300.jpeg

56.49 Lakh,5 Marla,Apartment For Sale In Icon Valley Phase 1,2,2,https://media.zameen.com/thumbnails/161592185-400x300.jpeg

54.03 Lakh,5 Marla,Apartment For Sale In Icon Valley Phase 1,1,1,https://media.zameen.com/thumbnails/161592202-400x300.jpeg

95 Lakh,5 Marla,Your Dream 5 Marla House Is Available In Lahore Motorway City,4,4,https://media.zameen.com/thumbnails/165096564-400x300.jpeg

95 Lakh,5 Marla,Buy 5 Marla House At Highly Affordable Price,4,4,https://images.zameen.com/smap/400/300/31.643481/74.209875/image.jpeg?quality=80&imageformat=jpeg

95 Lakh,5 Marla,5 Marla House For sale In Lahore Motorway City,4,4,https://images.zameen.com/smap/400/300/31.643481/74.209875/image.jpeg?quality=80&imageformat=jpeg

90 Lakh,7 Marla,Buy A House Of 7 Marla In Lahore Motorway City,3,3,https://media.zameen.com/thumbnails/165096945-400x300.jpeg

64 Lakh,6 Marla,6 Marla Stunning Cottage Flat In Bahria Nasheman Available For Sale,2,1,https://images.zameen.com/smap/400/300/31.320354/74.403441/image.jpeg?quality=80&imageformat=jpeg

63 Lakh,5 Marla,5 Marla Single Storey House For Sale P Block Khayaban E Amin Lahore,2,1,https://images.zameen.com/smap/400/300/31.362173/74.282136/image.jpeg?quality=80&imageformat=jpeg

70 Lakh,5 Marla,5 Marla House In Immad Garden Housing Scheme For sale,3,3,https://images.zameen.com/smap/400/300/31.358657/74.3778/image.jpeg?quality=80&imageformat=jpeg

72 Lakh,10 Marla,"Ideal 10 Marla House Available In Elite Town, Elite Town",3,3,https://media.zameen.com/thumbnails/164443259-400x300.jpeg

85 Lakh,5 Marla,Good 5 Marla House For sale In Al Jalil Garden,2,2,https://images.zameen.com/smap/400/300/31.592658/74.215065/image.jpeg?quality=80&imageformat=jpeg

63 Lakh,5 Marla,Luxury 5 Marla House For Sale In Eden Garden Double Storey,3,2,https://media.zameen.com/thumbnails/164334096-400x300.jpeg

67 Lakh,5 Marla,Signature By Icon Bringing The Finest Of Apartment Living To Lahore,2,2,https://media.zameen.com/thumbnails/148715547-400x300.jpeg

85 Lakh,7 Marla,Triple Storey House For Sale In T Block Lahore Motorway City,4,4,https://media.zameen.com/thumbnails/164131592-400x300.jpeg

55 Lakh,5 Marla,5 Marla Main Boulevard Orchard Home Available For Sale In Bahria Orchard Lahore,2,2,https://media.zameen.com/thumbnails/150076230-400x300.jpeg

68.5 Lakh,5 Marla,5 Marla Single Storey Much Beautiful House For Sale,2,3,https://media.zameen.com/thumbnails/162460302-400x300.jpeg

64.85 Lakh,5 Marla,5 Marla Brand New and Low Price House for Urgently sale,2,3,https://media.zameen.com/thumbnails/162460349-400x300.jpeg

65.85 Lakh,5 Marla,5 Marla Cheap Price House for urgently sale,2,3,https://media.zameen.com/thumbnails/162460293-400x300.jpeg

80 Lakh,1 Kanal,1 Kanal Farm House Is Available For sale In Bedian Road,2,3,https://media.zameen.com/thumbnails/163224554-400x300.jpeg

80 Lakh,5 Marla,Structure House For Sale,3,3,https://images.zameen.com/smap/400/300/31.3081/74.2326/image.jpeg?quality=80&imageformat=jpeg

75 Lakh,6.2 Marla,This Is Your Chance To Buy House In Near To Canal Road Harbanspura Raani Pind,5,No info given,https://images.zameen.com/smap/400/300/31.575684/74.423604/image.jpeg?quality=80&imageformat=jpeg

66 Lakh,5 Marla,5 Marla House Available For Sale In Hamza Town Society Low Price House,2,3,https://media.zameen.com/thumbnails/163718853-400x300.jpeg

66.5 Lakh,5 Marla,5 Marla Beautiful House Available For Sale Modern Design House,2,3,https://media.zameen.com/thumbnails/163712752-400x300.jpeg

92 Lakh,5 Marla,5 marla house for sale in Lahore garden housing scheme black A fresh house for sale,4,6,https://media.zameen.com/thumbnails/163595687-400x300.jpeg

68 Lakh,5 Marla,Prime Location House 5 Marla For Sale In Umer Khan Road,4,3,https://images.zameen.com/smap/400/300/31.590658/74.473014/image.jpeg?quality=80&imageformat=jpeg

1 Crore,5 Marla,5 Marla Brand New Triple Storey Solid Construction House With All Utilities At 100 Lac Demand With Complete Paint Work In Chinar Bagh Cooperative Society Of Lahore Raiwind Road,5,6,https://media.zameen.com/thumbnails/160045452-400x300.jpeg

90 Lakh,5 Marla,"1125 Square Feet House Available For Sale In Grand Avenues Housing Scheme, Grand Avenues Housing Scheme",3,3,https://images.zameen.com/smap/400/300/31.33795/74.381324/image.jpeg?quality=80&imageformat=jpeg

53 Lakh,5 Marla,Apartment for sale on 5 years easy Installments,2,2,https://images.zameen.com/smap/400/300/31.561062/74.182079/image.jpeg?quality=80&imageformat=jpeg

1 Crore,5 Marla,5 Marla House For Sale,No info given,No info given,https://images.zameen.com/smap/400/300/31.598386/74.480821/image.jpeg?quality=80&imageformat=jpeg

60 Lakh,5.2 Marla,1175 Square Feet House For Sale In Ichhra Ichhra,No info given,No info given,https://images.zameen.com/smap/400/300/31.533262/74.316587/image.jpeg?quality=80&imageformat=jpeg

53 Lakh,5 Marla,Flat Is Available For Sale,No info given,No info given,https://images.zameen.com/smap/400/300/31.561051/74.182081/image.jpeg?quality=80&imageformat=jpeg

80 Lakh,5 Marla,Buying A House In High Court Phase 2 - Block B Lahore?,2,2,https://images.zameen.com/smap/400/300/31.413904/74.290607/image.jpeg?quality=80&imageformat=jpeg

80 Lakh,5 Marla,Central Cottage Corner Facing Park Is Available For Sale,2,1,https://images.zameen.com/smap/400/300/31.317861/74.21814/image.jpeg?quality=80&imageformat=jpeg

83 Lakh,6 Marla,6 Marla Flat Near Park 2nd Floor Flat For Sale,2,2,https://images.zameen.com/smap/400/300/31.524191/74.453995/image.jpeg?quality=80&imageformat=jpeg

87 Lakh,5 Marla,5 Marla double storey house for sale Khayaban E Amin,3,2,https://media.zameen.com/thumbnails/160192642-400x300.jpeg

1 Crore,5 Marla,5 Marla House In Mughalpura For Sale,7,No info given,https://media.zameen.com/thumbnails/162293322-400x300.jpeg

80 Lakh,1 Kanal,1 Kanal Farm House Is Available For sale In Bedian Road,2,3,https://media.zameen.com/thumbnails/163224579-400x300.jpeg

65 Lakh,5 Marla,Signature By Icon-one Bed Apartment On Installments. Pay In 5 Years & Get Possession In 2.5 Years,No info given,No info given,https://media.zameen.com/thumbnails/162731849-400x300.jpeg

65 Lakh,10 Marla,Ready To Buy A House 10 Marla In Lahore,3,3,https://media.zameen.com/thumbnails/161212752-400x300.jpeg

65 Lakh,10 Marla,House Is Available For sale In Elite Town - Block D,3,3,https://media.zameen.com/thumbnails/161212677-400x300.jpeg

65 Lakh,10 Marla,Reserve A Centrally Located House In Elite Town - Block D,3,3,https://media.zameen.com/thumbnails/161212427-400x300.jpeg

80 Lakh,5 Marla,Get In Touch Now To Buy A 5 Marla House In Elite Town,3,3,https://media.zameen.com/thumbnails/161212657-400x300.jpeg

75 Lakh,5 Marla,Ideal House Is Available For Sale At Ferozepur Road,4,5,https://media.zameen.com/thumbnails/161212756-400x300.jpeg

75 Lakh,5 Marla,5 Marla House For sale In Elite Town,5,5,https://media.zameen.com/thumbnails/161212341-400x300.jpeg

53 Lakh,5 Marla,5 Marla Single Storey House For Sale In Lahore Garden,No info given,3,https://media.zameen.com/thumbnails/155591971-400x300.jpeg

82 Lakh,5 Marla,5 Marla House For Sale In Lahore Garden Near Al Jalil Garden,4,6,https://media.zameen.com/thumbnails/155694085-400x300.jpeg

84 Lakh,5 Marla,5 Marla Fresh House For Sale In Lahore Garden Housing Scheme A Block,4,5,https://media.zameen.com/thumbnails/163600596-400x300.jpeg

95 Lakh,5.2 Marla,"5 House For Sale , Brand New Fresh House In Lahore Garden",5,6,https://media.zameen.com/thumbnails/155039232-400x300.jpeg

63 Lakh,5 Marla,5 Marla Beautiful House For Sale In Eden Garden Lahore.,3,3,https://media.zameen.com/thumbnails/161857861-400x300.jpeg

65 Lakh,5 Marla,5 Marla House Available For Sale Hamza Town,2,3,https://media.zameen.com/thumbnails/162884149-400x300.jpeg

90 Lakh,5 Marla,5 Marla House On Booking 30 Down Payment With 1 Year Instalment Plan,4,5,https://media.zameen.com/thumbnails/153024462-400x300.jpeg

59 Lakh,5 Marla,5 Marla West Marina Ground Floor Cottages Apartment For Sale On Easy Installment,2,2,https://media.zameen.com/thumbnails/163154071-400x300.jpeg

53 Lakh,5 Marla,5 Marla West Marina 1st Floor Cottages Apartment For Sale On Easy Installment,2,2,https://media.zameen.com/thumbnails/163154063-400x300.jpeg

53 Lakh,5 Marla,5 Marla West Marina 1st Floor Cottages Apartment For Sale On Easy Installment,2,2,https://media.zameen.com/thumbnails/163154059-400x300.jpeg

59 Lakh,5 Marla,5 Marla West Marina Ground Floor Cottages Apartment For Sale On Easy Installment,2,2,https://media.zameen.com/thumbnails/163154076-400x300.jpeg

51 Lakh,5 Marla,Awami Villa D Block First Flour For Sale In Phase 2 Bahria Orchard Lahore,2,1,https://media.zameen.com/thumbnails/163269789-400x300.jpeg

85 Lakh,5 Marla,5 Marla Brand New House Grey Structure With Quality Construction,3,4,https://media.zameen.com/thumbnails/162585826-400x300.jpeg

65 Lakh,5 Marla,5 Marla Brand New Apartment For Sale in Raiwand Road Icon Valley Phase-1,2,2,https://media.zameen.com/thumbnails/161069139-400x300.jpeg

84 Lakh,5 Marla,5 Marla Fresh House For Sale In Lahore Garden Housing Scheme D Block,5,5,https://media.zameen.com/thumbnails/159243813-400x300.jpeg

98 Lakh,5 Marla,5 Marla Triple Storey House Is Available For Sale,5,5,https://media.zameen.com/thumbnails/82427029-400x300.jpeg

80 Lakh,5 Marla,Google Property Offer Brand New House For Sale,3,4,https://media.zameen.com/thumbnails/154009213-400x300.jpeg

58 Lakh,5 Marla,5 Marla Single Storey Low Bought House Urgent For Sale,2,2,https://media.zameen.com/thumbnails/162460271-400x300.jpeg

95 Lakh,5 Marla,5 Marla Double Storey House For Sale Block N Khayaban E Amin Housing Society Defence Road Lahore,3,2,https://media.zameen.com/thumbnails/160050079-400x300.jpeg

50 Lakh,5 Marla,Icon Valley- Ready to move Luxury Apartment Urgent Sale,2,2,https://media.zameen.com/thumbnails/162185029-400x300.jpeg

60 Lakh,5 Marla,Flat For Grabs In 1125 Square Feet Lahore,3,3,https://media.zameen.com/thumbnails/162185196-400x300.jpeg

93 Lakh,5 Marla,5 Marla 80 Feet Main Road Beautiful House For Sale In Eden Abad Lahore Near Dha Rahbar Ring Road,3,2,https://media.zameen.com/thumbnails/162003545-400x300.jpeg

88 Lakh,7 Marla,7 Marla 2nd Floor In Rehman Gardens Near Dha Phase 1,3,3,https://media.zameen.com/thumbnails/155279947-400x300.jpeg

64.25 Lakh,5 Marla,5 Marla Apartment On Easy Installments Booking With 20 Percent,2,2,https://media.zameen.com/thumbnails/162340455-400x300.jpeg

89 Lakh,5 Marla,5 Marla Most Beautiful Design Bungalow 2 Unite For Sale At Prime Location Of Lahore Motorway City,4,4,https://media.zameen.com/thumbnails/157986535-400x300.jpeg

95 Lakh,5 Marla,5 Marla 80 Feet Main Road Beautiful House For Sale In Edenabad Lahore Near Dha Rahbar Ring Road,3,2,https://media.zameen.com/thumbnails/162002636-400x300.jpeg

68 Lakh,5 Marla,Vip 5 Marla Single Storey Used House Available For Sale In Khaybaan E Ameen Dha Phase 11 Lahore,2,3,https://media.zameen.com/thumbnails/146772329-400x300.jpeg

88 Lakh,5 Marla,Glaxo Town Ferozepur Road 1125 Square Feet Triple Storey House For Sale In Low Price,5,5,https://media.zameen.com/thumbnails/162602096-400x300.jpeg

90 Lakh,5 Marla,A Brand New Luxury Ideal Location 5 Marla Zaitoon Villas Available For Sale,3,4,https://media.zameen.com/thumbnails/82702731-400x300.jpeg

62 Lakh,5 Marla,5 Marla House Available For Sale Hamza Town Society,2,3,https://media.zameen.com/thumbnails/162884782-400x300.jpeg

63 Lakh,5 Marla,5 Marla Singal Story House Available For Sale Hamza Town,2,3,https://media.zameen.com/thumbnails/162884956-400x300.jpeg

1 Crore,5 Marla,In-demand 5 Marla House In Available For Sale,7,No info given,https://media.zameen.com/thumbnails/162293189-400x300.jpeg

1 Crore,5 Marla,1125 Square Feet House Is Available For Sale In Al Hamra Town,4,5,https://media.zameen.com/thumbnails/161425812-400x300.jpeg

94.99 Lakh,5.5 Marla,3 Bed Facing Boulevard Green Belt Near MacDonald And Rainbow Store,3,3,https://media.zameen.com/thumbnails/114229569-400x300.jpeg

94.99 Lakh,5.5 Marla,3 Bed Apartment For Sale Facing Boulevard Green Belt Near Macdonald And Rainbow Store,3,3,https://media.zameen.com/thumbnails/113875658-400x300.jpeg

94.99 Lakh,5.5 Marla,3 Bed Apartment Facing Park With Easy Installment & Handsome Rental Income Under Construction Project,3,3,https://media.zameen.com/thumbnails/113194133-400x300.jpeg

94.99 Lakh,5.7 Marla,Simple Installment Flat Best Investment and Handsome Rental Income,3,3,https://media.zameen.com/thumbnails/126830385-400x300.jpeg

64 Lakh,5 Marla,5 Marla Spanish House Available For Sale Hamza Town,2,3,https://media.zameen.com/thumbnails/162883744-400x300.jpeg

60 Lakh,5 Marla,5 Marla Beautiful House Available For Sale Hamza Town Register Inteqal,2,3,https://media.zameen.com/thumbnails/162884101-400x300.jpeg

85 Lakh,5 Marla,Get Your Hands On House In Lahore Best Area,No info given,No info given,https://media.zameen.com/thumbnails/161285928-400x300.jpeg

85 Lakh,5 Marla,Reserve A House Now In Harbanspura,No info given,No info given,https://media.zameen.com/thumbnails/161286145-400x300.jpeg

85 Lakh,5 Marla,Affordable House For Sale In Harbanspura,No info given,No info given,https://media.zameen.com/thumbnails/161285943-400x300.jpeg

85 Lakh,5 Marla,5 Marla House Ideally Situated In Harbanspura,No info given,No info given,https://media.zameen.com/thumbnails/161286864-400x300.jpeg

85 Lakh,5 Marla,1125 Square Feet House Available In Harbanspura If You Hurry,No info given,No info given,https://media.zameen.com/thumbnails/161286056-400x300.jpeg

60 Lakh,5 Marla,A House Of 5 Marla In Lahore Motorway City,3,3,https://media.zameen.com/thumbnails/162000765-400x300.jpeg

62 Lakh,5 Marla,5 Marla House Available For Sale In Lahore Motorway City R,2,3,https://media.zameen.com/thumbnails/164832480-400x300.jpeg

97 Lakh,5 Marla,5 Marla Brand New House For Sale,3,5,https://media.zameen.com/thumbnails/164521985-400x300.jpeg

95 Lakh,5 Marla,Brand New 5 Marla House Near To Park And Commercial Area. Only 1 Unit,3,3,https://media.zameen.com/thumbnails/164565390-400x300.jpeg

68 Lakh,5 Marla,5 Marla Possession Single Storey House For Sale P Block Khayaban E Amin Lahore,2,1,https://media.zameen.com/thumbnails/165044792-400x300.jpeg

65 Lakh,5 Marla,5 Marla Ground Floor Apartment For Sale In Icon Valley Phase 1,2,2,https://media.zameen.com/thumbnails/162339826-400x300.jpeg

80 Lakh,7 Marla,"7 Marla 1st Floor, 3 Bedrooms Apartment For Sale in Icon Valley Phase 1",3,3,https://media.zameen.com/thumbnails/162339208-400x300.jpeg

60 Lakh,5.5 Marla,5.5 Marla Brand New 2 Bedrooms Apartment On 2nd Floor For Sale In Icon Valley Phase 1,2,2,https://media.zameen.com/thumbnails/162339537-400x300.jpeg

60 Lakh,5 Marla,5 Marla Flat Ground Floor Allama Iqbal Town Lahore,2,3,https://media.zameen.com/thumbnails/163123609-400x300.jpeg

65 Lakh,5 Marla,5 Merle House For Sale,3,3,https://media.zameen.com/thumbnails/162522851-400x300.jpeg

60 Lakh,5 Marla,5 Marla Double Storey House For Sale In Lahore Motorway City S Block,3,3,https://media.zameen.com/thumbnails/164283371-400x300.jpeg

70 Lakh,5 Marla,5 Marla Double Storey Grey Stucture For Sale In Pak Arab Housing Scheem Lahore,3,4,https://media.zameen.com/thumbnails/160163611-400x300.jpeg

1 Crore,5 Marla,5 Marla Used House For Sale,3,3,https://media.zameen.com/thumbnails/162846722-400x300.jpeg

90 Lakh,5 Marla,5 Marla Owner Built Solid House For Sale In Rizwan Garden Phase 2,2,3,https://media.zameen.com/thumbnails/162728796-400x300.jpeg

80 Lakh,6 Marla,Beautiful Brand New House For Sale,2,3,https://media.zameen.com/thumbnails/164483433-400x300.jpeg

80 Lakh,5 Marla,5 Marla House For Sale On Raiwind Road,3,3,https://media.zameen.com/thumbnails/150569281-400x300.jpeg

63 Lakh,5 Marla,Best Time To Buy This 5 Marla Lavish House In Eden Society Gajumata,3,2,https://media.zameen.com/thumbnails/164334207-400x300.jpeg

60 Lakh,5 Marla,House Of 5 Marla Is Available For Sale,3,2,https://media.zameen.com/thumbnails/161857106-400x300.jpeg

78 Lakh,5 Marla,5 Marla Flat For Sale,2,2,https://media.zameen.com/thumbnails/161890046-400x300.jpeg

1 Crore,10 Marla,10 Marla 3 Bedrooms Apartment On 2nd Floor For Sale In Icon Valley Phase 1,3,3,https://media.zameen.com/thumbnails/162339212-400x300.jpeg

96 Lakh,5 Marla,5 Marla Double Storey House For Sale In Al Ahmad Garden Housing Society,4,3,https://media.zameen.com/thumbnails/162429956-400x300.jpeg

61 Lakh,5 Marla,5 Marla House Double Storey In Eden Cheapest Rate,3,2,https://media.zameen.com/thumbnails/161857304-400x300.jpeg

61 Lakh,5 Marla,Highly-Coveted 1125 Square Feet House Is Available In Eden Gardens For Sale,3,2,https://media.zameen.com/thumbnails/161857691-400x300.jpeg

77.5 Lakh,5 Marla,05 Marla Double Storey Villa Houses On Installment Plan,3,3,https://media.zameen.com/thumbnails/147412885-400x300.jpeg

88 Lakh,5 Marla,05 Marla Brand New House 84 B On Prime Location,3,4,https://media.zameen.com/thumbnails/149264680-400x300.jpeg

77.5 Lakh,5 Marla,Affordable House For sale In New Lahore City,No info given,No info given,https://media.zameen.com/thumbnails/163271947-400x300.jpeg

80 Lakh,6 Marla,Mughlpura Road Power House Garhi Shahu,5,3,https://media.zameen.com/thumbnails/161525685-400x300.jpeg

95 Lakh,5 Marla,Well-constructed House Available For sale In Judicial Colony Phase 2,2,2,https://media.zameen.com/thumbnails/163154869-400x300.jpeg

88 Lakh,5 Marla,5 Marla Single Storey House In C Block,2,2,https://media.zameen.com/thumbnails/163116861-400x300.jpeg

68 Lakh,5 Marla,5 Marla Most Beautiful Prime Location Home With Possession For Sale In Block P,2,1,https://media.zameen.com/thumbnails/161354456-400x300.jpeg

85 Lakh,5 Marla,5 Marla Double Storey House For Sale Chungi Amber Sidhu Lahore,4,4,https://media.zameen.com/thumbnails/161007364-400x300.jpeg

54.03 Lakh,5 Marla,5 Marla 1 Bedroom Apartment On First Floor For Sale In Icon Valley Phase 1,1,1,https://media.zameen.com/thumbnails/162339167-400x300.jpeg

75.33 Lakh,7 Marla,7 Marla Brand New 2nd Floor 3 Bedrooms Apartment For Sale in Icon Valley Phase 1,3,3,https://media.zameen.com/thumbnails/162339353-400x300.jpeg

58 Lakh,5 Marla,1125 Sq Ft Flat For Sale In Ichra Pir Ghazi Road,2,2,https://media.zameen.com/thumbnails/150532874-400x300.jpeg

65 Lakh,5 Marla,House Facing Park Near Bahria Orchard Phase 3,3,3,https://media.zameen.com/thumbnails/162761628-400x300.jpeg

78 Lakh,5 Marla,5 Marla Most Beautiful Prime location Home with possession for Sale in Block N,2,1,https://media.zameen.com/thumbnails/161354731-400x300.jpeg

69 Lakh,5 Marla,5 Marla Most Beautiful Prime Location House With Possession For Sale In Block P,2,1,https://media.zameen.com/thumbnails/161354383-400x300.jpeg

98 Lakh,5 Marla,5 Marla Brand New House For Sale,5,6,https://media.zameen.com/thumbnails/162181113-400x300.jpeg

95 Lakh,5 Marla,5 Marla Double Storey House For Sale,3,2,https://media.zameen.com/thumbnails/159560922-400x300.jpeg

78 Lakh,5 Marla,5 Marla Most Beautiful Prime location Home with possession for Sale in Block N,2,1,https://media.zameen.com/thumbnails/161354497-400x300.jpeg

97 Lakh,5 Marla,5 Marla Brand New Corner Beautiful House For Sale,4,5,https://media.zameen.com/thumbnails/162111118-400x300.jpeg

62 Lakh,5 Marla,Single Storey House For Sale,2,1,https://media.zameen.com/thumbnails/157089041-400x300.jpeg

98 Lakh,5 Marla,5 Marla Double Storey House For Sale In Al Ahmad Garden Housing Society,3,4,https://media.zameen.com/thumbnails/162430140-400x300.jpeg

90 Lakh,5 Marla,5 Marla House For Sale In I Block,4,5,https://media.zameen.com/thumbnails/162710505-400x300.jpeg

1 Crore,5 Marla,5 Marla House For Sale In Rehman Garden Phase 2 J Block,4,6,https://media.zameen.com/thumbnails/162157363-400x300.jpeg

89 Lakh,5 Marla,5 Marla House For Sale In K Block,No info given,No info given,https://media.zameen.com/thumbnails/141029957-400x300.jpeg

95 Lakh,5 Marla,5 Marla Triple Storey Semi Commercial House In Dhobi Ghat Stop Darogawalla,6,5,https://media.zameen.com/thumbnails/147381135-400x300.jpeg

93 Lakh,5 Marla,5 Marla Luxury House For Sale,4,5,https://media.zameen.com/thumbnails/162698888-400x300.jpeg

97 Lakh,5 Marla,5 Marla Brand New House For Sale,4,6,https://media.zameen.com/thumbnails/135033250-400x300.jpeg

62 Lakh,5 Marla,House For Sale,2,3,https://media.zameen.com/thumbnails/137886972-400x300.jpeg

1 Crore,5 Marla,5 Marla House For Sale C Ex Block,4,5,https://media.zameen.com/thumbnails/162088497-400x300.jpeg

99 Lakh,5 Marla,5 Marla House 868 C Ex,4,4,https://media.zameen.com/thumbnails/119751791-400x300.jpeg

85 Lakh,5 Marla,5 Marla Double Storey House For Sale In Lahore Motorway City S Home Block,4,3,https://media.zameen.com/thumbnails/164814663-400x300.jpeg

1 Crore,5 Marla,5 Marla Grey Structure House For Sale In Olc A Block,3,4,https://media.zameen.com/thumbnails/164871290-400x300.jpeg

79 Lakh,5 Marla,"5 Marla House For Sale On Installment Emerald City Prime Location Emerald City, Lahore, Punjab",2,2,https://media.zameen.com/thumbnails/164839695-400x300.jpeg

79 Lakh,5 Marla,5-Marla single story house for sale,2,2,https://media.zameen.com/thumbnails/164822938-400x300.jpeg

89 Lakh,5 Marla,5 Marla One And Half Story House For Sale,3,3,https://media.zameen.com/thumbnails/161791065-400x300.jpeg

1 Crore,5 Marla,5 Marla House Available For Sale In Platinum Block,3,3,https://media.zameen.com/thumbnails/154229374-400x300.jpeg

79 Lakh,5 Marla,"5 Marla House For Sale On Installment Emerald City Prime Location Emerald City, Lahore, Punjab",2,2,https://media.zameen.com/thumbnails/163504979-400x300.jpeg

79 Lakh,5 Marla,5- Marla House For Sale,2,2,https://media.zameen.com/thumbnails/163906539-400x300.jpeg

1 Crore,5 Marla,5 Marla Grey Structure House For Sale In Park View City Lahore!,4,4,https://media.zameen.com/thumbnails/164625452-400x300.jpeg

90 Lakh,5 Marla,5 Marla Single Storey 40 Feet Road Best Location House For Sale,2,3,https://media.zameen.com/thumbnails/162472600-400x300.jpeg

52 Lakh,5 Marla,5 Marla House Available For Sale,2,3,https://media.zameen.com/thumbnails/164341174-400x300.jpeg

52 Lakh,5 Marla,5 Marla House Available For Sale,2,3,https://media.zameen.com/thumbnails/164341177-400x300.jpeg

88 Lakh,5 Marla,sale A House In Lahore Prime Location,3,3,https://media.zameen.com/thumbnails/162336856-400x300.jpeg

1 Crore,5 Marla,Grey Structure Of 5 Marla House In Olc A For Sale,No info given,No info given,https://media.zameen.com/thumbnails/160479648-400x300.jpeg

77.5 Lakh,5 Marla,Five Marla House New Lahore City Phase-4,3,3,https://media.zameen.com/thumbnails/161966393-400x300.jpeg

90 Lakh,6 Marla,Pak Land Estate Presents Ideal Location 6 Marla Double Storey House Available For Sale In Eden Lane Villas,3,3,https://media.zameen.com/thumbnails/155767253-400x300.jpeg

62 Lakh,5 Marla,5 Marla Single Storey House For Sale P Block Khayaban E Amin Lahore,2,1,https://media.zameen.com/thumbnails/161957404-400x300.jpeg

85 Lakh,5 Marla,5 Marla Double Storey House For Sale N Block Khayaban E Amin Lahore,3,2,https://media.zameen.com/thumbnails/161957436-400x300.jpeg

75 Lakh,5 Marla,1125 Square Feet House Available For Sale In Al-ghani Garden Phase 2 On 30 Feet Road,2,3,https://media.zameen.com/thumbnails/161352703-400x300.jpeg

55 Lakh,5 Marla,Book House Today In Pak Arab Housing Society,2,3,https://media.zameen.com/thumbnails/151248921-400x300.jpeg

77 Lakh,5 Marla,5 Marla Dabul Stoure House For Sale In Rana Twon,3,3,https://media.zameen.com/thumbnails/137448732-400x300.jpeg

75 Lakh,5 Marla,5 Marla Modern Design House Available For Sale Hamza Town Direct Owner Meeting,3,4,https://media.zameen.com/thumbnails/162884254-400x300.jpeg

50 Lakh,5 Marla,"5 Marla Ground Floor Flat For Sale, Block E",2,2,https://media.zameen.com/thumbnails/142624556-400x300.jpeg

95 Lakh,5 Marla,5 Marla Full House For Sale in SJ Garden Lahore,3,4,https://media.zameen.com/thumbnails/161612217-400x300.jpeg

68 Lakh,5 Marla,5 Marla Possession Single Storey House For Sale P Block Khayaban E Amin Lahore,2,1,https://media.zameen.com/thumbnails/165044101-400x300.jpeg

75 Lakh,5 Marla,5 Marla Beautiful House For Sale In Safari Garden,3,4,https://media.zameen.com/thumbnails/159605810-400x300.jpeg

70 Lakh,5 Marla,5 Marla Double Story Grey Structure For Sale In Pak Arab Housing Scheme Lahore,3,4,https://media.zameen.com/thumbnails/164267631-400x300.jpeg

55 Lakh,5 Marla,"5 Marla Brand New Flat For Sale In Low Price,",2,2,https://media.zameen.com/thumbnails/162836098-400x300.jpeg

1 Crore,15 Marla,Outclass Bungalow For Sale,No info given,No info given,https://media.zameen.com/thumbnails/17921188-400x300.jpeg

90 Lakh,5 Marla,5 Marla Single Storey For Sale Block J,2,3,https://media.zameen.com/thumbnails/162327464-400x300.jpeg

77.5 Lakh,5 Marla,5 Marla Double Storey House No 187 Block B For Sale In 3 Year Installment Plan Monthly Installment Only 45000,3,4,https://media.zameen.com/thumbnails/163270557-400x300.jpeg

68 Lakh,5 Marla,5 Marla House For Sale,2,2,https://media.zameen.com/thumbnails/161265968-400x300.jpeg

75 Lakh,5 Marla,5 Marla Spanish Double Storey House For Sale In Pak Arab Housing Scheme,3,4,https://media.zameen.com/thumbnails/159456508-400x300.jpeg

64 Lakh,5 Marla,5 Marla Single Storey House For Sale,2,1,https://media.zameen.com/thumbnails/159561355-400x300.jpeg

85 Lakh,5 Marla,5 Marla Half Double Storey House For Sale In Al Ahmad Garden Housing Society,3,4,https://media.zameen.com/thumbnails/162430015-400x300.jpeg

1 Crore,5 Marla,House Available For Sale,3,4,https://media.zameen.com/thumbnails/154250618-400x300.jpeg

96.26 Lakh,11 Marla,Apartment For Sale In Icon Valley Phase 1,3,3,https://media.zameen.com/thumbnails/161591918-400x300.jpeg

54.03 Lakh,5 Marla,Apartment For Sale In Icon Valley Phase 1,1,1,https://media.zameen.com/thumbnails/161592722-400x300.jpeg

50 Lakh,5 Marla,5 Marla House For Sale in Lahore motorway city s home block,2,2,https://images.zameen.com/smap/400/300/31.64859859/74.22697705/image.jpeg?quality=80&imageformat=jpeg

75 Lakh,5 Marla,"Ideal 5 Marla House Available In Formanites Housing Scheme, Lahore",4,4,https://images.zameen.com/smap/400/300/31.447703/74.409313/image.jpeg?quality=80&imageformat=jpeg

50 Lakh,5 Marla,Prime Location 5 Marla House In Umer Khan Road Best Option,3,3,https://images.zameen.com/smap/400/300/31.590658/74.473014/image.jpeg?quality=80&imageformat=jpeg

95 Lakh,5 Marla,End Your Search For House Here And sale Now,4,4,https://images.zameen.com/smap/400/300/31.598824/74.228218/image.jpeg?quality=80&imageformat=jpeg

95 Lakh,5 Marla,To sale You Can Find Spacious House In Al Rehman Garden Phase 2,4,4,https://images.zameen.com/smap/400/300/31.598824/74.228218/image.jpeg?quality=80&imageformat=jpeg

95 Lakh,5 Marla,House For sale In Al Rehman Garden Phase 2 Lahore,4,4,https://images.zameen.com/smap/400/300/31.598824/74.228218/image.jpeg?quality=80&imageformat=jpeg

95 Lakh,5 Marla,Reserve A House Now In Al Rehman Garden Phase 2,4,4,https://images.zameen.com/smap/400/300/31.598824/74.228218/image.jpeg?quality=80&imageformat=jpeg

95 Lakh,5 Marla,Get In Touch Now To Buy A 5 Marla House In Al Rehman Garden Phase 2 Lahore,4,4,https://images.zameen.com/smap/400/300/31.598824/74.228218/image.jpeg?quality=80&imageformat=jpeg

95 Lakh,5 Marla,Reserve A Centrally Located House Of 5 Marla In Al Rehman Garden Phase 2,4,4,https://images.zameen.com/smap/400/300/31.598824/74.228218/image.jpeg?quality=80&imageformat=jpeg

95 Lakh,5 Marla,A Good Option For sale Is The House Available In Al Rehman Garden Phase 2 In Lahore,4,4,https://images.zameen.com/smap/400/300/31.598824/74.228218/image.jpeg?quality=80&imageformat=jpeg

95 Lakh,5 Marla,Affordable House For sale In Al Rehman Garden Phase 2,4,4,https://images.zameen.com/smap/400/300/31.598824/74.228218/image.jpeg?quality=80&imageformat=jpeg

95 Lakh,5 Marla,House For sale In Lahore,4,4,https://images.zameen.com/smap/400/300/31.598824/74.228218/image.jpeg?quality=80&imageformat=jpeg

95 Lakh,5 Marla,"5 Marla House In Only Rs. 9,500,000",4,4,https://images.zameen.com/smap/400/300/31.598824/74.228218/image.jpeg?quality=80&imageformat=jpeg

90 Lakh,7 Marla,This Is Your Chance To Buy House In Lahore Smart City Lahore,No info given,No info given,https://media.zameen.com/thumbnails/165097992-400x300.jpeg

90 Lakh,7 Marla,7 Marla House Is Available For sale,No info given,No info given,https://media.zameen.com/thumbnails/165098023-400x300.jpeg

95 Lakh,5 Marla,House Available For sale In Lahore Smart City,No info given,No info given,https://media.zameen.com/thumbnails/165098032-400x300.jpeg

95 Lakh,5 Marla,House For sale In Lahore,No info given,No info given,https://media.zameen.com/thumbnails/165098040-400x300.jpeg

95 Lakh,5 Marla,Buying A House In Lahore?,No info given,No info given,https://media.zameen.com/thumbnails/165098051-400x300.jpeg

95 Lakh,5 Marla,In Lahore Smart City House Sized 5 Marla For sale,No info given,No info given,https://media.zameen.com/thumbnails/165098102-400x300.jpeg

95 Lakh,5 Marla,Get In Touch Now To Buy A 5 Marla House In Lahore Smart City Lahore,No info given,No info given,https://media.zameen.com/thumbnails/165098127-400x300.jpeg

95 Lakh,5 Marla,A Perfect House Awaits You In Lahore Smart City Lahore,No info given,No info given,https://media.zameen.com/thumbnails/165098112-400x300.jpeg

95 Lakh,5 Marla,A Palatial Residence For sale In Lahore Smart City Lahore,No info given,No info given,https://media.zameen.com/thumbnails/165098135-400x300.jpeg

95 Lakh,5 Marla,5 Marla House For sale In Beautiful Lahore Smart City,No info given,No info given,https://media.zameen.com/thumbnails/165098174-400x300.jpeg

70 Lakh,5 Marla,In Lahore Smart City House For sale Sized 5 Marla,No info given,No info given,https://media.zameen.com/thumbnails/165097878-400x300.jpeg

90 Lakh,5 Marla,5 Marla House Available For Sale Is Vey Good Location In Chinar Bagh Raiwind Road Lahore,3,4,https://media.zameen.com/thumbnails/165043628-400x300.jpeg

95 Lakh,5 Marla,House For sale In Lahore Motorway City,4,4,https://media.zameen.com/thumbnails/165095420-400x300.jpeg

95 Lakh,5 Marla,House Is Available For sale In Lahore Motorway City,4,4,https://media.zameen.com/thumbnails/165096447-400x300.jpeg

95 Lakh,5 Marla,This Is Your Chance To Buy House In Lahore Motorway City Lahore Motorway City,4,4,https://media.zameen.com/thumbnails/165095475-400x300.jpeg

95 Lakh,5 Marla,Centrally Located House In Lahore Motorway City Is Available For sale,4,4,https://media.zameen.com/thumbnails/165096002-400x300.jpeg

95 Lakh,5 Marla,This Is Your Chance To Buy House In Lahore Motorway City,4,4,https://media.zameen.com/thumbnails/165096018-400x300.jpeg

75 Lakh,6 Marla,House Is Available For sale In Bhatta Chowk,5,No info given,https://images.zameen.com/smap/400/300/31.487441/74.41206/image.jpeg?quality=80&imageformat=jpeg

85 Lakh,5 Marla,A House Of 5 Marla In Lahore,3,No info given,https://images.zameen.com/smap/400/300/31.494628/74.414849/image.jpeg?quality=80&imageformat=jpeg

85 Lakh,5 Marla,Good 5 Marla House For sale In Gulshan Ali Colony,3,4,https://images.zameen.com/smap/400/300/31.494628/74.414849/image.jpeg?quality=80&imageformat=jpeg

75 Lakh,6 Marla,This Is Your Chance To Buy House In Bhatta Chowk,3,4,https://images.zameen.com/smap/400/300/31.487441/74.41206/image.jpeg?quality=80&imageformat=jpeg

65 Lakh,5 Marla,House For sale In Hamza Town Phase 2 Lahore,2,2,https://media.zameen.com/thumbnails/165125717-400x300.jpeg

65 Lakh,5 Marla,Get In Touch Now To Buy A House In Lahore,2,2,https://media.zameen.com/thumbnails/165124637-400x300.jpeg

50 Lakh,5 Marla,5 Marla Grey Structure Double Storey House For Sale,3,4,https://images.zameen.com/smap/400/300/31.407676/74.490373/image.jpeg?quality=80&imageformat=jpeg

65 Lakh,5 Marla,House Available For sale In Hamza Town Phase 2,2,2,https://images.zameen.com/smap/400/300/31.358297/74.381861/image.jpeg?quality=80&imageformat=jpeg

60 Lakh,5 Marla,House Of 5 Marla For sale In Hamza Town Phase 2,2,2,https://images.zameen.com/smap/400/300/31.358297/74.381861/image.jpeg?quality=80&imageformat=jpeg

65 Lakh,5 Marla,Well-constructed House Available For sale In Hamza Town Phase 2,2,2,https://media.zameen.com/thumbnails/165124103-400x300.jpeg

60 Lakh,5 Marla,Reserve A House Of 5 Marla Now In Hamza Town Phase 2,2,2,https://media.zameen.com/thumbnails/165119373-400x300.jpeg

60 Lakh,5 Marla,Looking For A House In Lahore,2,2,https://media.zameen.com/thumbnails/165119280-400x300.jpeg

65 Lakh,5 Marla,"Ideal 5 Marla House has landed on market in Hamza Town Phase 2, Lahore",2,2,https://images.zameen.com/smap/400/300/31.358297/74.381861/image.jpeg?quality=80&imageformat=jpeg

65 Lakh,5 Marla,Buy A House Of 5 Marla In Hamza Town Phase 2,2,2,https://images.zameen.com/smap/400/300/31.358297/74.381861/image.jpeg?quality=80&imageformat=jpeg

60 Lakh,5 Marla,Well-constructed House Available For sale In Hamza Town Phase 2,2,2,https://media.zameen.com/thumbnails/165118488-400x300.jpeg

90 Lakh,7 Marla,7 Marla Spacious House Available In Lahore Smart City For sale,No info given,No info given,https://media.zameen.com/thumbnails/165098001-400x300.jpeg

90 Lakh,7 Marla,A Stunning House Is Up For Grabs In Lahore Smart City Lahore,No info given,No info given,https://media.zameen.com/thumbnails/165097980-400x300.jpeg

90 Lakh,7 Marla,A House Of 7 Marla In Lahore Smart City,No info given,No info given,https://media.zameen.com/thumbnails/165097969-400x300.jpeg

90 Lakh,7 Marla,Get Your Dream House In Lahore Smart City Lahore,No info given,No info given,https://media.zameen.com/thumbnails/165097959-400x300.jpeg

90 Lakh,7 Marla,Lahore Smart City House Sized 7 Marla Is Available,No info given,No info given,https://media.zameen.com/thumbnails/165097926-400x300.jpeg

90 Lakh,7 Marla,7 Marla House For sale In Lahore Smart City,No info given,No info given,https://media.zameen.com/thumbnails/165097889-400x300.jpeg

70 Lakh,5 Marla,5 Marla House In Lahore Smart City Is Available,No info given,No info given,https://media.zameen.com/thumbnails/165097868-400x300.jpeg

70 Lakh,5 Marla,5 Marla House Is Available For sale In Lahore Smart City,No info given,No info given,https://media.zameen.com/thumbnails/165097856-400x300.jpeg

70 Lakh,5 Marla,5 Marla House For sale Is Available In Lahore Smart City,No info given,No info given,https://media.zameen.com/thumbnails/165097847-400x300.jpeg

70 Lakh,5 Marla,Spacious 5 Marla House Available For sale In Lahore Smart City,No info given,No info given,https://media.zameen.com/thumbnails/165097827-400x300.jpeg

70 Lakh,5 Marla,5 Marla House Is Available For sale In Lahore Smart City,No info given,No info given,https://media.zameen.com/thumbnails/165097837-400x300.jpeg

53 Lakh,5 Marla,5 Marla West Marina 1st Floor Cottages Apartment For Sale On Easy Installment,2,2,https://media.zameen.com/thumbnails/164992655-400x300.jpeg

53 Lakh,5 Marla,5 Marla West Marina 1st Floor Cottages Apartment For Sale On Easy Installment,2,2,https://media.zameen.com/thumbnails/164992650-400x300.jpeg

53 Lakh,5 Marla,5 Marla West Marina 1st Floor Cottages Apartment For Sale On Easy Installment,2,2,https://media.zameen.com/thumbnails/164992640-400x300.jpeg

53 Lakh,5 Marla,5 Marla West Marina 1st Floor Cottages Apartment For Sale On Easy Installment,2,2,https://media.zameen.com/thumbnails/164992645-400x300.jpeg

53 Lakh,5 Marla,5 Marla West Marina 1st Floor Cottages Apartment For Sale On Easy Installment,2,2,https://media.zameen.com/thumbnails/164992635-400x300.jpeg

53 Lakh,5 Marla,5 Marla West Marina 1st Floor Cottages Apartment For Sale On Easy Installment,2,2,https://media.zameen.com/thumbnails/164992625-400x300.jpeg

53 Lakh,5 Marla,5 Marla West Marina 1st Floor Cottages Apartment For Sale On Easy Installment,2,2,https://media.zameen.com/thumbnails/164992630-400x300.jpeg

53 Lakh,5 Marla,5 Marla West Marina 1st Floor Cottages Apartment For Sale On Easy Installment,2,2,https://media.zameen.com/thumbnails/164992613-400x300.jpeg

53 Lakh,5 Marla,5 Marla West Marina 1st Floor Cottages Apartment For Sale On Easy Installment,2,2,https://media.zameen.com/thumbnails/164992603-400x300.jpeg

53 Lakh,5 Marla,5 Marla West Marina 1st Floor Cottages Apartment For Sale On Easy Installment,2,2,https://media.zameen.com/thumbnails/164992608-400x300.jpeg

53 Lakh,5 Marla,5 Marla West Marina 1st Floor Cottages Apartment For Sale On Easy Installment,2,2,https://media.zameen.com/thumbnails/164992598-400x300.jpeg

53 Lakh,5 Marla,5 Marla West Marina 1st Floor Cottages Apartment For Sale On Easy Installment,2,2,https://media.zameen.com/thumbnails/164992580-400x300.jpeg

53 Lakh,5 Marla,5 Marla West Marina 1st Floor Cottages Apartment For Sale On Easy Installment,2,2,https://media.zameen.com/thumbnails/164992585-400x300.jpeg

59 Lakh,5 Marla,5 Marla West Marina Ground Floor Cottages Apartment For Sale On Easy Installment,2,2,https://media.zameen.com/thumbnails/164992575-400x300.jpeg

59 Lakh,5 Marla,5 Marla West Marina Ground Floor Cottages Apartment For Sale On Easy Installment,2,2,https://media.zameen.com/thumbnails/164992565-400x300.jpeg

59 Lakh,5 Marla,5 Marla West Marina Ground Floor Cottages Apartment For Sale On Easy Installment,2,2,https://media.zameen.com/thumbnails/164992560-400x300.jpeg

59 Lakh,5 Marla,5 Marla West Marina Ground Floor Cottages Apartment For Sale On Easy Installment,2,2,https://media.zameen.com/thumbnails/164992570-400x300.jpeg

59 Lakh,5 Marla,5 Marla West Marina Ground Floor Cottages Apartment For Sale On Easy Installment,2,2,https://media.zameen.com/thumbnails/164992550-400x300.jpeg

59 Lakh,5 Marla,5 Marla West Marina Ground Floor Cottages Apartment For Sale On Easy Installment,2,2,https://media.zameen.com/thumbnails/164992555-400x300.jpeg

59 Lakh,5 Marla,5 Marla West Marina Ground Floor Cottages Apartment For Sale On Easy Installment,2,2,https://media.zameen.com/thumbnails/164992545-400x300.jpeg

59 Lakh,5 Marla,5 Marla West Marina Ground Floor Cottages Apartment For Sale On Easy Installment,2,2,https://media.zameen.com/thumbnails/164992523-400x300.jpeg

59 Lakh,5 Marla,5 Marla West Marina Ground Floor Cottages Apartment For Sale On Easy Installment,2,2,https://media.zameen.com/thumbnails/164992518-400x300.jpeg

59 Lakh,5 Marla,5 Marla West Marina Ground Floor Cottages Apartment For Sale On Easy Installment,2,2,https://media.zameen.com/thumbnails/164992513-400x300.jpeg

53 Lakh,5 Marla,5 Marla West Marina 1st Floor Cottages Apartment For Sale On Easy Installment,2,2,https://media.zameen.com/thumbnails/164991131-400x300.jpeg

53 Lakh,5 Marla,5 Marla West Marina 1st Floor Cottages Apartment For Sale On Easy Installment,2,2,https://media.zameen.com/thumbnails/164992508-400x300.jpeg

53 Lakh,5 Marla,5 Marla West Marina 1st Floor Cottages Apartment For Sale On Easy Installment,2,2,https://media.zameen.com/thumbnails/164991126-400x300.jpeg

53 Lakh,5 Marla,5 Marla West Marina 1st Floor Cottages Apartment For Sale On Easy Installment,2,2,https://media.zameen.com/thumbnails/164991121-400x300.jpeg

53 Lakh,5 Marla,5 Marla West Marina 1st Floor Cottages Apartment For Sale On Easy Installment,2,2,https://media.zameen.com/thumbnails/164991115-400x300.jpeg

53 Lakh,5 Marla,5 Marla West Marina 1st Floor Cottages Apartment For Sale On Easy Installment,2,2,https://media.zameen.com/thumbnails/164991110-400x300.jpeg

53 Lakh,5 Marla,5 Marla West Marina 1st Floor Cottages Apartment For Sale On Easy Installment,2,2,https://media.zameen.com/thumbnails/164991105-400x300.jpeg

59 Lakh,5 Marla,5 Marla West Marina Ground Floor Cottages Apartment For Sale On Easy Installment,2,2,https://media.zameen.com/thumbnails/164991100-400x300.jpeg

59 Lakh,5 Marla,5 Marla West Marina Ground Floor Cottages Apartment For Sale On Easy Installment,2,2,https://media.zameen.com/thumbnails/164991060-400x300.jpeg

59 Lakh,5 Marla,5 Marla West Marina Ground Floor Cottages Apartment For Sale On Easy Installment,2,2,https://media.zameen.com/thumbnails/164991065-400x300.jpeg

59 Lakh,5 Marla,5 Marla West Marina Ground Floor Cottages Apartment For Sale On Easy Installment,2,2,https://media.zameen.com/thumbnails/164991078-400x300.jpeg

59 Lakh,5 Marla,5 Marla West Marina Ground Floor Cottages Apartment For Sale On Easy Installment,2,2,https://media.zameen.com/thumbnails/164991055-400x300.jpeg

59 Lakh,5 Marla,5 Marla West Marina Ground Floor Cottages Apartment For Sale On Easy Installment,2,2,https://media.zameen.com/thumbnails/164991072-400x300.jpeg

59 Lakh,5 Marla,5 Marla West Marina Ground Floor Cottages Apartment For Sale On Easy Installment,2,2,https://media.zameen.com/thumbnails/164991050-400x300.jpeg

59 Lakh,5 Marla,5 Marla West Marina Ground Floor Cottages Apartment For Sale On Easy Installment,2,2,https://media.zameen.com/thumbnails/164991034-400x300.jpeg

59 Lakh,5 Marla,5 Marla West Marina Ground Floor Cottages Apartment For Sale On Easy Installment,2,2,https://media.zameen.com/thumbnails/164991039-400x300.jpeg

59 Lakh,5 Marla,5 Marla West Marina Ground Floor Cottages Apartment For Sale On Easy Installment,2,2,https://media.zameen.com/thumbnails/164991045-400x300.jpeg

65 Lakh,6 Marla,Spacious 6 Marla House Available For sale In Bahria Nasheman,2,3,https://media.zameen.com/thumbnails/165088520-400x300.jpeg

63 Lakh,6 Marla,6 Marla House Is Available For Sale In Bahria Nasheman,2,3,https://media.zameen.com/thumbnails/165088465-400x300.jpeg

95 Lakh,5 Marla,Want To Buy A House In Shanghai Road?,3,4,https://media.zameen.com/thumbnails/164979113-400x300.jpeg

95 Lakh,5 Marla,Looking For A House In Elite Town - Block B,5,5,https://media.zameen.com/thumbnails/165127659-400x300.jpeg

90 Lakh,5 Marla,Get In Touch Now To Buy A 5 Marla House In Elite Town - Block B,3,3,https://media.zameen.com/thumbnails/165127570-400x300.jpeg

90 Lakh,5 Marla,5 Marla House Is Available For sale In Elite Town - Block B,3,3,https://media.zameen.com/thumbnails/165127468-400x300.jpeg

90 Lakh,5 Marla,Spacious 5 Marla House Available For sale In Elite Town - Block B,3,4,https://media.zameen.com/thumbnails/165127324-400x300.jpeg

90 Lakh,5 Marla,Your Dream 5 Marla House Is Available In Elite Town - Block B,3,3,https://media.zameen.com/thumbnails/165127235-400x300.jpeg

95 Lakh,5 Marla,Get In Touch Now To Buy A 5 Marla House In Elite Town - Block B Lahore,3,3,https://media.zameen.com/thumbnails/165127184-400x300.jpeg

90 Lakh,5 Marla,Buy your ideal 5 Marla House in a prime location of Lahore,3,4,https://media.zameen.com/thumbnails/165127124-400x300.jpeg

90 Lakh,5 Marla,5 Marla House In Elite Town - Block B For sale At Good Location,3,4,https://media.zameen.com/thumbnails/165127063-400x300.jpeg

95 Lakh,5 Marla,Gorgeous 5 Marla House For sale Available In Elite Town - Block B,3,4,https://media.zameen.com/thumbnails/165126904-400x300.jpeg

90 Lakh,5 Marla,Get In Touch Now To Buy A 5 Marla House In Elite Town - Block B,3,4,https://media.zameen.com/thumbnails/165126857-400x300.jpeg

90 Lakh,5 Marla,A House At Affordable Price Awaits You,3,4,https://media.zameen.com/thumbnails/165126516-400x300.jpeg

90 Lakh,7 Marla,In Lahore Motorway City House Sized 7 Marla For sale,2,2,https://media.zameen.com/thumbnails/165115164-400x300.jpeg

90 Lakh,7 Marla,7 Marla House In Lahore Motorway City For sale,2,2,https://media.zameen.com/thumbnails/165115141-400x300.jpeg

90 Lakh,7 Marla,House Is Available For sale In Lahore Motorway City,2,2,https://media.zameen.com/thumbnails/165115178-400x300.jpeg

90 Lakh,7 Marla,House For sale In Lahore Motorway City,2,2,https://media.zameen.com/thumbnails/165115220-400x300.jpeg

90 Lakh,7 Marla,Want To Buy A House In Lahore Motorway City?,2,2,https://media.zameen.com/thumbnails/165115198-400x300.jpeg

90 Lakh,7 Marla,sale A House In Lahore Motorway City Prime Location,2,2,https://media.zameen.com/thumbnails/165115230-400x300.jpeg

95 Lakh,5 Marla,Reserve A House Of 5 Marla Now In Lahore Motorway City,3,3,https://media.zameen.com/thumbnails/165115318-400x300.jpeg

95 Lakh,5 Marla,"House For sale In Rs. 9,500,000",3,3,https://media.zameen.com/thumbnails/165115281-400x300.jpeg

95 Lakh,5 Marla,5 Marla House available for sale in Lahore Motorway City if you hurry,3,3,https://media.zameen.com/thumbnails/165115308-400x300.jpeg

95 Lakh,5 Marla,5 Marla House In Lahore Motorway City For sale,3,3,https://media.zameen.com/thumbnails/165115326-400x300.jpeg

95 Lakh,5 Marla,House In Lahore Motorway City For sale,3,3,https://media.zameen.com/thumbnails/165115336-400x300.jpeg

95 Lakh,5 Marla,Buy A 5 Marla House For sale In Lahore Motorway City,3,3,https://media.zameen.com/thumbnails/165115345-400x300.jpeg

95 Lakh,5 Marla,House Of 5 Marla In Lahore Motorway City Is Available,3,3,https://media.zameen.com/thumbnails/165115391-400x300.jpeg

95 Lakh,5 Marla,House For sale In Lahore Motorway City Lahore Motorway City,3,3,https://media.zameen.com/thumbnails/165115399-400x300.jpeg

95 Lakh,5 Marla,A Palatial Residence For sale In Lahore Motorway City Lahore Motorway City,3,3,https://media.zameen.com/thumbnails/165115360-400x300.jpeg

95 Lakh,5 Marla,Get In Touch Now To Buy A House In Lahore Motorway City Lahore Motorway City,3,3,https://media.zameen.com/thumbnails/165115264-400x300.jpeg

90 Lakh,7 Marla,Looking For A House In Lahore Motorway City Lahore Motorway City,2,2,https://media.zameen.com/thumbnails/165115215-400x300.jpeg

90 Lakh,7 Marla,Book A House Of 7 Marla In Lahore Motorway City Lahore Motorway City,2,2,https://media.zameen.com/thumbnails/165115184-400x300.jpeg

90 Lakh,7 Marla,"A House Of 7 Marla In Rs. 9,000,000",2,2,https://media.zameen.com/thumbnails/165115205-400x300.jpeg

90 Lakh,7 Marla,A Stunning House Is Up For Grabs In Lahore Motorway City Lahore Motorway City,2,2,https://media.zameen.com/thumbnails/165115169-400x300.jpeg

1 Crore,5 Marla,Book House Today In Nadirabad,6,5,https://media.zameen.com/thumbnails/165105788-400x300.jpeg

63 Lakh,5 Marla,HOUSE 4 SELL 5 MARLA DOUBLE STORY,3,4,https://images.zameen.com/smap/400/300/31.643481/74.209875/image.jpeg?quality=80&imageformat=jpeg

72 Lakh,5 Marla,1125 Square Feet House In Central Park - Block A1 Is Best Option,2,3,https://images.zameen.com/smap/400/300/31.326108/74.363547/image.jpeg?quality=80&imageformat=jpeg

63 Lakh,5 Marla,5 Marla Single Storey House For Sale In Khayabane Amin,2,1,https://images.zameen.com/smap/400/300/31.376356/74.263701/image.jpeg?quality=80&imageformat=jpeg

97 Lakh,5 Marla,5 Marla House In C Block At Canal Road Near Bahria,2,2,https://images.zameen.com/smap/400/300/31.342016/74.143582/image.jpeg?quality=80&imageformat=jpeg

60 Lakh,5 Marla,Prominently-Located Corner House Available In Ferozepur Road For sale,5,6,https://images.zameen.com/smap/400/300/31.502166/74.333439/image.jpeg?quality=80&imageformat=jpeg

80 Lakh,6 Marla,6 Marla Corner Single Storey House For Sale,5,4,https://images.zameen.com/smap/400/300/31.6008/74.4777/image.jpeg?quality=80&imageformat=jpeg

90 Lakh,5 Marla,3 Storey Facing Park House For Sale,4,4,https://images.zameen.com/smap/400/300/31.321891/74.365519/image.jpeg?quality=80&imageformat=jpeg

53 Lakh,5 Marla,5 Marla West Marina Apartment For Sale On Easy Installment,2,2,https://media.zameen.com/thumbnails/164946339-400x300.jpeg

53 Lakh,5 Marla,5 Marla West Marina Apartment For Sale On Easy Installment,2,2,https://media.zameen.com/thumbnails/164946333-400x300.jpeg

53 Lakh,5 Marla,5 Marla West Marina Apartment For Sale On Easy Installment,2,2,https://media.zameen.com/thumbnails/164946297-400x300.jpeg

53 Lakh,5 Marla,5 Marla West Marina Apartment For Sale On Easy Installment,2,2,https://media.zameen.com/thumbnails/164946282-400x300.jpeg

53 Lakh,5 Marla,5 Marla West Marina Apartment For Sale On Easy Installment,2,2,https://media.zameen.com/thumbnails/164946226-400x300.jpeg

53 Lakh,5 Marla,5 Marla West Marina Apartment For Sale On Easy Installment,2,2,https://media.zameen.com/thumbnails/164946218-400x300.jpeg

53 Lakh,5 Marla,5 Marla West Marina Apartment For Sale On Easy Installment,2,2,https://media.zameen.com/thumbnails/164946209-400x300.jpeg

53 Lakh,5 Marla,5 Marla West Marina Apartment For Sale On Easy Installment,2,2,https://media.zameen.com/thumbnails/164946202-400x300.jpeg

53 Lakh,5 Marla,5 Marla West Marina Apartment For Sale On Easy Installment,2,2,https://media.zameen.com/thumbnails/164946193-400x300.jpeg

53 Lakh,5 Marla,5 Marla West Marina Apartment For Sale On Easy Installment,2,2,https://media.zameen.com/thumbnails/164946186-400x300.jpeg

59 Lakh,5 Marla,5 Marla West Marina Apartment For Sale On Easy Installment,2,2,https://media.zameen.com/thumbnails/164946130-400x300.jpeg

59 Lakh,5 Marla,5 Marla West Marina Apartment For Sale On Easy Installment,2,2,https://media.zameen.com/thumbnails/164946123-400x300.jpeg

59 Lakh,5 Marla,5 Marla West Marina Apartment For Sale On Easy Installment,2,2,https://media.zameen.com/thumbnails/164946103-400x300.jpeg

59 Lakh,5 Marla,5 Marla West Marina Apartment For Sale On Easy Installment,2,2,https://media.zameen.com/thumbnails/164946094-400x300.jpeg

59 Lakh,5 Marla,5 Marla West Marina Apartment For Sale On Easy Installment,2,2,https://media.zameen.com/thumbnails/164946083-400x300.jpeg

59 Lakh,5 Marla,5 Marla West Marina Apartment For Sale On Easy Installment,2,2,https://media.zameen.com/thumbnails/164946073-400x300.jpeg

59 Lakh,5 Marla,5 Marla West Marina Apartment For Sale On Easy Installment,2,2,https://media.zameen.com/thumbnails/164946024-400x300.jpeg

59 Lakh,5 Marla,5 Marla West Marina Apartment For Sale On Easy Installment,2,2,https://media.zameen.com/thumbnails/164946002-400x300.jpeg

59 Lakh,5 Marla,5 Marla West Marina Apartment For Sale On Easy Installment,2,2,https://media.zameen.com/thumbnails/164945994-400x300.jpeg

59 Lakh,5 Marla,5 Marla West Marina Apartment For Sale On Easy Installment,2,2,https://media.zameen.com/thumbnails/164945971-400x300.jpeg

80 Lakh,5 Marla,Prime Location 5 Marla House For sale In Al-Ghani Garden Phase 2,3,4,https://images.zameen.com/smap/400/300/31.596381/74.456767/image.jpeg?quality=80&imageformat=jpeg

65 Lakh,5 Marla,5 Marla Well Built Single Storey House Is Available For Sale,2,2,https://images.zameen.com/smap/400/300/31.422634/74.172873/image.jpeg?quality=80&imageformat=jpeg

98 Lakh,5 Marla,Buy A 1125 Sq. Ft House For Sale In Ghosia Colony - Walton Road,5,5,https://images.zameen.com/smap/400/300/31.48924938301/74.366628626602/image.jpeg?quality=80&imageformat=jpeg

68 Lakh,5 Marla,4.75 MARLA BRAND NEW HOUSE IS AVAILABLE FOR SALE,2,3,https://images.zameen.com/smap/400/300/31.47569797/74.29390119/image.jpeg?quality=80&imageformat=jpeg

65 Lakh,5 Marla,5 Marla House In Hamza Town Best Option,2,2,https://images.zameen.com/smap/400/300/31.47569797/74.29390119/image.jpeg?quality=80&imageformat=jpeg

95 Lakh,5 Marla,"5 Marla House available for sale in Pak Arab Housing Society Phase 2, Lahore",3,3,https://images.zameen.com/smap/400/300/31.426905/74.341689/image.jpeg?quality=80&imageformat=jpeg

60 Lakh,5 Marla,"Property For sale In Pak Arab Society Phase 2 - Block F1 Lahore Is Available Under Rs. 6,000,000",3,3,https://images.zameen.com/smap/400/300/31.427306/74.339075/image.jpeg?quality=80&imageformat=jpeg

90 Lakh,5 Marla,5 Marla House For Sale In Khayaban E Amin,3,3,https://images.zameen.com/smap/400/300/31.380093/74.264481/image.jpeg?quality=80&imageformat=jpeg

90 Lakh,5 Marla,5m used house available in Al janat housing sheraz town Lahore,4,4,https://images.zameen.com/smap/400/300/31.426301/74.28958/image.jpeg?quality=80&imageformat=jpeg

80 Lakh,5 Marla,5 Marla House Is Available For Sale In Palm Villas,4,5,https://images.zameen.com/smap/400/300/31.587028/74.495264/image.jpeg?quality=80&imageformat=jpeg

93.5 Lakh,5 Marla,House For Sale Barka Home Phase 1,No info given,No info given,https://images.zameen.com/smap/400/300/31.52602/74.446685/image.jpeg?quality=80&imageformat=jpeg

79 Lakh,5 Marla,5-marla Single Storey House For Sale,2,2,https://images.zameen.com/smap/400/300/31.347422/74.361382/image.jpeg?quality=80&imageformat=jpeg

95 Lakh,5 Marla,5 Marla House For Sale In Bahria Orchard Lahore,3,3,https://images.zameen.com/smap/400/300/31.317861/74.21814/image.jpeg?quality=80&imageformat=jpeg

68 Lakh,5 Marla,5 Marla Upper Portion For Sale,3,2,https://images.zameen.com/smap/400/300/31.470253/74.214306/image.jpeg?quality=80&imageformat=jpeg

72 Lakh,5 Marla,5 Marla House For Sale,2,2,https://images.zameen.com/smap/400/300/31.358297/74.381861/image.jpeg?quality=80&imageformat=jpeg

59 Lakh,5 Marla,5 Marla Apartment For Sale On 5 years Easy Installments,2,2,https://images.zameen.com/smap/400/300/31.561062/74.182079/image.jpeg?quality=80&imageformat=jpeg

75.6 Lakh,5 Marla,Single Storey House Is Available For Sale,No info given,No info given,https://images.zameen.com/smap/400/300/31.347422/74.361382/image.jpeg?quality=80&imageformat=jpeg

60 Lakh,5 Marla,5 Marla Brand New Single Storey House Is Available For Sale In Hamza Town Phase 2,2,2,https://images.zameen.com/smap/400/300/31.358297/74.381861/image.jpeg?quality=80&imageformat=jpeg

75 Lakh,5 Marla,5 Marla Single Storey Beautiful House For Sale,1,2,https://images.zameen.com/smap/400/300/31.41515/74.288972/image.jpeg?quality=80&imageformat=jpeg

58 Lakh,5 Marla,Ground Floor Flat For Sale In Awami Villa,No info given,No info given,https://images.zameen.com/smap/400/300/31.31169387/74.20024628/image.jpeg?quality=80&imageformat=jpeg

58 Lakh,5 Marla,Bahria Orchard Phase 2 Flat Ground Floor For Sale Block A Best Location,2,1,https://images.zameen.com/smap/400/300/31.315221/74.205594/image.jpeg?quality=80&imageformat=jpeg

95 Lakh,5 Marla,In Formanites Housing Scheme - Block L 5 Marla House For Sale,No info given,No info given,https://images.zameen.com/smap/400/300/31.445417/74.417494/image.jpeg?quality=80&imageformat=jpeg

52.53 Lakh,1 Kanal,Get In Touch Now To Buy A House In Aabpara Coop Housing Society,No info given,No info given,https://images.zameen.com/smap/400/300/31.443685/74.205662/image.jpeg?quality=80&imageformat=jpeg

52.53 Lakh,1 Kanal,Get In Touch Now To Buy A House In Aabpara Coop Housing Society,No info given,No info given,https://images.zameen.com/smap/400/300/31.443685/74.205662/image.jpeg?quality=80&imageformat=jpeg

52.53 Lakh,1 Kanal,Get In Touch Now To Buy A House In Aabpara Coop Housing Society,No info given,No info given,https://images.zameen.com/smap/400/300/31.443685/74.205662/image.jpeg?quality=80&imageformat=jpeg

52.53 Lakh,1 Kanal,Get In Touch Now To Buy A House In Aabpara Coop Housing Society,No info given,No info given,https://images.zameen.com/smap/400/300/31.443685/74.205662/image.jpeg?quality=80&imageformat=jpeg

52.53 Lakh,1 Kanal,Get In Touch Now To Buy A House In Aabpara Coop Housing Society,No info given,No info given,https://images.zameen.com/smap/400/300/31.443685/74.205662/image.jpeg?quality=80&imageformat=jpeg

52.53 Lakh,1 Kanal,Get In Touch Now To Buy A House In Aabpara Coop Housing Society,No info given,No info given,https://images.zameen.com/smap/400/300/31.443685/74.205662/image.jpeg?quality=80&imageformat=jpeg

52.53 Lakh,1 Kanal,Get In Touch Now To Buy A House In Aabpara Coop Housing Society,No info given,No info given,https://images.zameen.com/smap/400/300/31.443685/74.205662/image.jpeg?quality=80&imageformat=jpeg

52.53 Lakh,1 Kanal,Get In Touch Now To Buy A House In Aabpara Coop Housing Society,No info given,No info given,https://images.zameen.com/smap/400/300/31.443685/74.205662/image.jpeg?quality=80&imageformat=jpeg

52.53 Lakh,1 Kanal,Get In Touch Now To Buy A House In Aabpara Coop Housing Society,No info given,No info given,https://images.zameen.com/smap/400/300/31.443685/74.205662/image.jpeg?quality=80&imageformat=jpeg

52.53 Lakh,1 Kanal,Get In Touch Now To Buy A House In Aabpara Coop Housing Society,No info given,No info given,https://images.zameen.com/smap/400/300/31.443685/74.205662/image.jpeg?quality=80&imageformat=jpeg

65.44 Lakh,1 Kanal,You Can Find A Gorgeous House For Sale In Aabpara Coop Housing Society,No info given,No info given,https://images.zameen.com/smap/400/300/31.443685/74.205662/image.jpeg?quality=80&imageformat=jpeg

50 Lakh,5 Marla,"1 Villa For Sale In Bahria Orchard Phase Iv, Lahore",3,2,https://images.zameen.com/smap/400/300/31.31107362/74.24438628/image.jpeg?quality=80&imageformat=jpeg

90 Lakh,5 Marla,5 Marla Double Storey House For Sale,3,4,https://images.zameen.com/smap/400/300/31.34172736/74.14718658/image.jpeg?quality=80&imageformat=jpeg

80 Lakh,5 Marla,5 Marla double story house for sale eden lane villas 2,2,1,https://media.zameen.com/thumbnails/164118866-400x300.jpeg

59 Lakh,5 Marla,Flat Is Available For Sale,No info given,No info given,https://images.zameen.com/smap/400/300/31.561051/74.182081/image.jpeg?quality=80&imageformat=jpeg

56 Lakh,5 Marla,Awami Villa 1st Floor Block D Phase 2 For Sale In Bahria Orchard,2,2,https://images.zameen.com/smap/400/300/31.320721/74.210751/image.jpeg?quality=80&imageformat=jpeg

66 Lakh,5 Marla,Awami Villa Ground Floor Block D Phase 2 For Sale In Bahria Orchard,2,2,https://images.zameen.com/smap/400/300/31.320721/74.210751/image.jpeg?quality=80&imageformat=jpeg

92 Lakh,5 Marla,5 Marla 1.5 Storey House For Sale In Siddiqia Colony,3,3,https://images.zameen.com/smap/400/300/31.60337/74.330133/image.jpeg?quality=80&imageformat=jpeg

1 Crore,5 Marla,House In A Prime Location Of Heritage Home,5,4,https://images.zameen.com/smap/400/300/31.380441/74.265516/image.jpeg?quality=80&imageformat=jpeg

80 Lakh,5 Marla,5 Marla House Available For sale In Bahria Orchard,No info given,No info given,https://images.zameen.com/smap/400/300/31.317861/74.21814/image.jpeg?quality=80&imageformat=jpeg

90 Lakh,5 Marla,5-marla Double Storey House Available At Peaceful Environment,3,5,https://images.zameen.com/smap/400/300/31.34172736/74.14718658/image.jpeg?quality=80&imageformat=jpeg

80 Lakh,5 Marla,5 Double Storey House For Sale,3,2,https://media.zameen.com/thumbnails/160197621-400x300.jpeg

94.5 Lakh,5 Marla,5 Marla Double Storey House For Sale In Khayaban E Amin,3,2,https://media.zameen.com/thumbnails/160066848-400x300.jpeg

58 Lakh,5 Marla,Apartment For Sale In D Block,No info given,No info given,https://images.zameen.com/smap/400/300/31.320721/74.210751/image.jpeg?quality=80&imageformat=jpeg

58 Lakh,5 Marla,D Block Ground Floor In Awami Villa Bahria Orchard,No info given,No info given,https://images.zameen.com/smap/400/300/31.31159594/74.20085778/image.jpeg?quality=80&imageformat=jpeg

90 Lakh,5 Marla,Grey Structure Double Storey House Is Available For Sale,No info given,No info given,https://images.zameen.com/smap/400/300/31.309355/74.204564/image.jpeg?quality=80&imageformat=jpeg

90 Lakh,5 Marla,Grey Structure Double Storey House Is Available For Sale,No info given,No info given,https://images.zameen.com/smap/400/300/31.309355/74.204564/image.jpeg?quality=80&imageformat=jpeg

52 Lakh,5 Marla,First Floor Awami Villa Flat For Sale,No info given,No info given,https://images.zameen.com/smap/400/300/31.31159594/74.20085778/image.jpeg?quality=80&imageformat=jpeg

1 Crore,5 Marla,Stunning 1125 Square Feet House In Heritage Home Available,2,2,https://images.zameen.com/smap/400/300/31.3804/74.2655/image.jpeg?quality=80&imageformat=jpeg

66 Lakh,5 Marla,Khayaban Amin P Block Single Storey House For Sale Hot Laction Near To Ring Road,2,No info given,https://images.zameen.com/smap/400/300/31.362173/74.282136/image.jpeg?quality=80&imageformat=jpeg

1 Crore,6 Marla,Buy A House Of 1350 Square Feet In Dha Phase 7,3,5,https://images.zameen.com/smap/400/300/31.484893/74.472342/image.jpeg?quality=80&imageformat=jpeg

60 Lakh,5 Marla,Town House Ground Floor Is Available For Sale,No info given,No info given,https://images.zameen.com/smap/400/300/31.724188/74.262207/image.jpeg?quality=80&imageformat=jpeg

53 Lakh,5 Marla,Town House First Floor Is Available For Sale,No info given,No info given,https://images.zameen.com/smap/400/300/31.724188/74.262207/image.jpeg?quality=80&imageformat=jpeg

1 Crore,5 Marla,House For Sale,3,4,https://images.zameen.com/smap/400/300/31.484893/74.472342/image.jpeg?quality=80&imageformat=jpeg

95 Lakh,5 Marla,Khayabna Amin N 1 Block 5 Marla House For Sale,3,2,https://images.zameen.com/smap/400/300/31.365932/74.271428/image.jpeg?quality=80&imageformat=jpeg

80 Lakh,6 Marla,A Perfect House Awaits You In Heritage Home Heritage Home,3,3,https://images.zameen.com/smap/400/300/31.380441/74.265516/image.jpeg?quality=80&imageformat=jpeg

80 Lakh,6 Marla,A Perfect House Awaits You In Heritage Home Heritage Home,3,3,https://images.zameen.com/smap/400/300/31.380441/74.265516/image.jpeg?quality=80&imageformat=jpeg

85 Lakh,5 Marla,5 Marla Double Storey Marble Wood New House,4,4,https://media.zameen.com/thumbnails/151404249-400x300.jpeg

50 Lakh,5 Marla,Good 1125 Square Feet House For Sale In Shadman 1,No info given,No info given,https://images.zameen.com/smap/400/300/31.537359/74.330707/image.jpeg?quality=80&imageformat=jpeg

60 Lakh,5 Marla,House For Grabs In 1125 Square Feet Lahore,2,2,https://media.zameen.com/thumbnails/155543684-400x300.jpeg

65 Lakh,5 Marla,5 Marla House In Lahore Motorway City Is Available,2,2,https://media.zameen.com/thumbnails/149795245-400x300.jpeg

1 Crore,5 Marla,House For Sale In Gulberg 1,2,2,https://media.zameen.com/thumbnails/153999629-400x300.jpeg

92 Lakh,5 Marla,"This House Available In , Is Up For Sale",No info given,No info given,https://media.zameen.com/thumbnails/142817531-400x300.jpeg

92 Lakh,5 Marla,5 Marla House In Bahria Orchard For Sale At Good Location,No info given,No info given,https://media.zameen.com/thumbnails/142817540-400x300.jpeg

98 Lakh,5 Marla,Bahria Orchard 5 Marla House Up For Sale,No info given,No info given,https://media.zameen.com/thumbnails/142817642-400x300.jpeg

92 Lakh,5 Marla,Great House Available For Sale In,No info given,No info given,https://media.zameen.com/thumbnails/142817741-400x300.jpeg

92 Lakh,5 Marla,5 Marla House Available In Bahria Orchard For Sale,No info given,No info given,https://media.zameen.com/thumbnails/142817794-400x300.jpeg

90 Lakh,5 Marla,5 Marla House In The Perfect Location Of Bahria Orchard Available,No info given,No info given,https://media.zameen.com/thumbnails/142817839-400x300.jpeg

1 Crore,5 Marla,5 Marla House For Sale Available Near Desirable Amenities,No info given,No info given,https://media.zameen.com/thumbnails/142843093-400x300.jpeg

98 Lakh,5 Marla,5 Marla House Available In In-demand Location Of Bahria Orchard,No info given,No info given,https://media.zameen.com/thumbnails/142843082-400x300.jpeg

95 Lakh,5 Marla,5 Marla House In Stunning Bahria Orchard Available For Sale,No info given,No info given,https://media.zameen.com/thumbnails/142817967-400x300.jpeg

92 Lakh,5 Marla,Ready To Buy A House 5 Marla In Bahria Orchard,No info given,No info given,https://media.zameen.com/thumbnails/142817975-400x300.jpeg

90 Lakh,5 Marla,Bahria Orchard House Sized 5 Marla Is Available,No info given,No info given,https://media.zameen.com/thumbnails/142817980-400x300.jpeg

92 Lakh,5 Marla,"5 Marla House Available For Sale In Rs 9,200,000",No info given,No info given,https://media.zameen.com/thumbnails/161850142-400x300.jpeg

1 Crore,5 Marla,Looking For A House In Lahore,No info given,No info given,https://media.zameen.com/thumbnails/161849917-400x300.jpeg

98 Lakh,5 Marla,5 Marla House In Bahria Orchard Is Available For Taking,No info given,No info given,https://media.zameen.com/thumbnails/161849652-400x300.jpeg

95 Lakh,5 Marla,Safely Secure A House In At Best Price,No info given,No info given,https://media.zameen.com/thumbnails/161849717-400x300.jpeg

92 Lakh,5 Marla,House Available For Sale In Bahria Orchard If You Make Haste,No info given,No info given,https://media.zameen.com/thumbnails/161849681-400x300.jpeg

90 Lakh,5 Marla,5 Marla House In The Perfect Location Of Bahria Orchard Available,No info given,No info given,https://media.zameen.com/thumbnails/161849590-400x300.jpeg

95 Lakh,5 Marla,5 Marla House Is Available In Affordable Price In Lahore,No info given,No info given,https://media.zameen.com/thumbnails/161849776-400x300.jpeg

1 Crore,5 Marla,5 Marla House In Bahria Orchard Is Available For Taking,No info given,No info given,https://media.zameen.com/thumbnails/161849280-400x300.jpeg

98 Lakh,5 Marla,"Property For Sale In Bahria Orchard Lahore Is Available Under Rs 9,800,000",No info given,No info given,https://media.zameen.com/thumbnails/161849176-400x300.jpeg

92 Lakh,5 Marla,A Stunning House Is Up For Grabs In Bahria Orchard Lahore,No info given,No info given,https://media.zameen.com/thumbnails/161849321-400x300.jpeg

90 Lakh,5 Marla,House Is Available For Sale In Bahria Orchard,No info given,No info given,https://media.zameen.com/thumbnails/161849436-400x300.jpeg

90 Lakh,5 Marla,Double Storey House For Sale At Walton Road,3,3,https://media.zameen.com/thumbnails/164720439-400x300.jpeg

85 Lakh,6 Marla,1350 Square Feet House Available For Sale In Lahore Garden Housing Scheme,3,4,https://media.zameen.com/thumbnails/164695343-400x300.jpeg

70 Lakh,5 Marla,5 Marla House For Sale,2,3,https://media.zameen.com/thumbnails/163908109-400x300.jpeg

70 Lakh,5 Marla,Beautiful New House For Sale,2,3,https://media.zameen.com/thumbnails/163902418-400x300.jpeg

80 Lakh,5 Marla,5 Marla Beautiful Model Houe,4,4,https://media.zameen.com/thumbnails/163880242-400x300.jpeg

53 Lakh,5 Marla,"For Sale Flat In Bahria Orchard, Phase-IV, Block- G 5",2,2,https://media.zameen.com/thumbnails/163281116-400x300.jpeg

90 Lakh,5 Marla,Beautiful house for sell,4,5,https://media.zameen.com/thumbnails/161142314-400x300.jpeg

88.5 Lakh,5 Marla,House For Sale In Rehan Garden Phase 2,3,5,https://media.zameen.com/thumbnails/163124538-400x300.jpeg

65 Lakh,5 Marla,5 Marla House For Sale In Manawan,3,3,https://media.zameen.com/thumbnails/160076115-400x300.jpeg

52 Lakh,5 Marla,Grey Structure Single Storey Building For Sale,2,2,https://media.zameen.com/thumbnails/162755582-400x300.jpeg

1 Crore,5 Marla,"5 Marla (old Marlas), Hot Location, Near To Everything",2,2,https://media.zameen.com/thumbnails/161558107-400x300.jpeg

75 Lakh,5 Marla,A Beautiful House Of 5 Marla In Chah Miran,6,2,https://media.zameen.com/thumbnails/161557922-400x300.jpeg

62 Lakh,6 Marla,Flat For Sale In Green Town On Main Road,2,3,https://media.zameen.com/thumbnails/162217663-400x300.jpeg

90 Lakh,5.5 Marla,Beautiful New House For Sale,4,4,https://media.zameen.com/thumbnails/162209269-400x300.jpeg

85 Lakh,5 Marla,Single Storey Grey Structure House For Sale,No info given,No info given,https://media.zameen.com/thumbnails/156877718-400x300.jpeg

90 Lakh,5.3 Marla,Book House Today In Lahore Garden Housing Scheme - Block A,4,6,https://media.zameen.com/thumbnails/155443081-400x300.jpeg

81 Lakh,5 Marla,5 Marla Double Storey House For Sale,3,2,https://media.zameen.com/thumbnails/153811478-400x300.jpeg

50 Lakh,5 Marla,25 Feet Road Wide Front One Room And Bath On Upper Floor,2,3,https://media.zameen.com/thumbnails/162725005-400x300.jpeg

95 Lakh,5 Marla,5 Marla Single Story House For Sale In Central Park Society Lahore,1,2,https://media.zameen.com/thumbnails/152085665-400x300.jpeg

75 Lakh,5 Marla,1125 Square Feet House For Sale Is Available In Mansoorah,7,4,https://media.zameen.com/thumbnails/151851655-400x300.jpeg

90 Lakh,10 Marla,Single Storey 10 Marla Urgent Sale,4,5,https://media.zameen.com/thumbnails/162714438-400x300.jpeg

75.33 Lakh,7 Marla,1575 Square Feet Flat Is Available For Sale,3,3,https://media.zameen.com/thumbnails/151406229-400x300.jpeg

